nCount_RNA	nFeature_RNA	Alias	Cell_type1	Cell_type2
4602STDY6930857___TCAGGATGTATATGGA	3905	1625	AV2	Endothelium	Ascending_vasa_recta
4602STDY6930853___TACGGATTCAACGCTA	9872	3124	AV2	Endothelium	Ascending_vasa_recta
4602STDY7018924___CCCAATCGTGCAACTT	4666	2150	AV2	Endothelium	Ascending_vasa_recta
4602STDY7018924___CATTCGCCACATCTTT	2196	1275	AV2	Endothelium	Ascending_vasa_recta
4602STDY7090428___TTCGAAGGTTGTACAC	9017	2997	AV2	Endothelium	Ascending_vasa_recta
4602STDY6930853___CTGCCTAAGCGTTTAC	6565	2326	AV2	Endothelium	Ascending_vasa_recta
4602STDY6949179___ACTGAGTTCCTATGTT	3175	1682	AV2	Endothelium	Ascending_vasa_recta
4602STDY6930853___AGGCCGTAGAATAGGG	2201	1167	AV2	Endothelium	Ascending_vasa_recta
4602STDY6976426___AACTCTTTCCGCAGTG	1855	1030	AV2	Endothelium	Ascending_vasa_recta
4602STDY6930853___CAGTAACGTCATGCAT	1859	947	AV2	Endothelium	Ascending_vasa_recta
4602STDY6930857___AGGTCCGAGAGCAATT	3089	1307	AV2	Endothelium	Ascending_vasa_recta
4602STDY6949178___GTACTTTAGCGTTGCC	2122	1298	AV2	Endothelium	Ascending_vasa_recta
4602STDY6930856___TGACTAGTCCAAATGC	2129	1201	AV2	Endothelium	Ascending_vasa_recta
4602STDY6930857___TAGTTGGCATGGTAGG	3642	1489	AV2	Endothelium	Ascending_vasa_recta
4602STDY7018924___AGGGATGGTTATCGGT	2734	1418	AV2	Endothelium	Ascending_vasa_recta
4602STDY7018924___CATCCACCAAGGACTG	1838	1037	AV2	Endothelium	Ascending_vasa_recta
4602STDY7018628___CCTTCGATCACAACGT	1844	860	AV2	Endothelium	Ascending_vasa_recta
4602STDY7018630___CGTGAGCAGTGAAGAG	2489	1164	AV2	Endothelium	Ascending_vasa_recta
4602STDY6930853___GCTTGAAGTAAGAGAG	913	547	AV2	Endothelium	Ascending_vasa_recta
4602STDY6930856___TTCTACACAGACGCAA	3862	1922	AV2	Endothelium	Ascending_vasa_recta
4602STDY6949179___CCTCAGTCAATGACCT	4744	2239	AV2	Endothelium	Ascending_vasa_recta
4602STDY6930856___TGGCCAGGTCTCTTTA	2631	1430	AV2	Endothelium	Ascending_vasa_recta
4602STDY6930857___GGACAAGCATTTGCTT	9398	2599	AV2	Endothelium	Ascending_vasa_recta
4602STDY6930856___CCGGGATAGCTAGTTC	1093	670	AV2	Endothelium	Ascending_vasa_recta
4602STDY6930857___TGACTTTTCTGGTGTA	4718	1702	AV2	Endothelium	Ascending_vasa_recta
4602STDY6930857___GGACGTCCAGTGAGTG	4736	1720	AV2	Endothelium	Ascending_vasa_recta
4602STDY6930853___GTGAAGGGTTTAAGCC	4452	1718	AV2	Endothelium	Ascending_vasa_recta
4602STDY7018628___CTTGGCTGTATCAGTC	3699	1487	AV2	Endothelium	Ascending_vasa_recta
4602STDY6949192___TGTGTTTGTCAACTGT	2845	1432	AV2	Endothelium	Ascending_vasa_recta
4602STDY7018629___TAGTTGGCAACTTGAC	3205	1428	AV2	Endothelium	Ascending_vasa_recta
4602STDY6930856___TGACGGCCATTATCTC	3742	1958	AV2	Endothelium	Ascending_vasa_recta
4602STDY7018924___CTCAGAATCGTTTGCC	1855	1110	AV2	Endothelium	Ascending_vasa_recta
4602STDY6930853___AGGTCATAGACTACAA	3152	1474	AV2	Endothelium	Ascending_vasa_recta
4602STDY7018924___CATGACACAGCTGCAC	7028	2669	AV2	Endothelium	Ascending_vasa_recta
4602STDY7018924___TAGACCATCGACGGAA	9273	3153	AV2	Endothelium	Ascending_vasa_recta
4602STDY6930857___AGTGTCACAAGACGTG	3859	1559	AV2	Endothelium	Ascending_vasa_recta
4602STDY7018924___CGTCACTAGAGGTACC	990	666	AV2	Endothelium	Ascending_vasa_recta
4602STDY6976427___GATCGATTCTATGTGG	853	548	AV2	Endothelium	Ascending_vasa_recta
4602STDY7018924___GCTGCTTAGATCCGAG	4899	2151	AV2	Endothelium	Ascending_vasa_recta
4602STDY6930853___CTACACCGTCATGCCG	2490	1420	AV2	Endothelium	Ascending_vasa_recta
4602STDY7018630___GGCAATTGTACTTAGC	4192	1712	AV2	Endothelium	Ascending_vasa_recta
4602STDY6930853___GTGCGGTTCAGTTGAC	4212	1693	AV2	Endothelium	Ascending_vasa_recta
4602STDY6949192___TGTGGTAGTGCACCAC	1570	989	AV2	Endothelium	Ascending_vasa_recta
4602STDY6930857___CGATGGCGTCAAACTC	8437	2540	AV2	Endothelium	Ascending_vasa_recta
4602STDY6949187___CTACACCTCTTGTTTG	1278	900	AV2	Endothelium	Ascending_vasa_recta
4602STDY6930857___CACACTCAGATCGGGT	5589	1921	AV2	Endothelium	Ascending_vasa_recta
4602STDY6949179___AGAATAGTCACTCCTG	2348	1448	AV2	Endothelium	Ascending_vasa_recta
4602STDY6976426___CTACGTCGTAGTGAAT	4354	1899	AV2	Endothelium	Ascending_vasa_recta
4602STDY6949192___TTGAACGGTCGCATAT	1760	934	AV2	Endothelium	Ascending_vasa_recta
4602STDY6976426___GGGAGATTCCGCAGTG	3019	1390	AV2	Endothelium	Ascending_vasa_recta
4602STDY7018924___CGTCACTGTCGGCACT	1720	935	AV2	Endothelium	Ascending_vasa_recta
4602STDY7018629___AAACCTGGTCTCAACA	5787	1934	AV2	Endothelium	Ascending_vasa_recta
4602STDY6930852___TATGCCCGTAGGCATG	1212	698	AV2	Endothelium	Ascending_vasa_recta
4602STDY6949178___CGGCTAGTCAACCAAC	3437	1726	AV2	Endothelium	Ascending_vasa_recta
4602STDY6930856___TGAGCCGTCCCACTTG	2427	1249	AV2	Endothelium	Ascending_vasa_recta
4602STDY6930856___TTCGGTCCATCACAAC	4217	1750	AV2	Endothelium	Ascending_vasa_recta
4602STDY7018628___ACGCCAGGTCTCTTTA	5942	2151	AV2	Endothelium	Ascending_vasa_recta
4602STDY6949192___AGATTGCAGTGGTCCC	1804	1024	AV2	Endothelium	Ascending_vasa_recta
4602STDY7018924___CTCATTAAGCCCAACC	6114	2438	AV2	Endothelium	Ascending_vasa_recta
4602STDY6976427___GTGCAGCCAGATCTGT	3476	1544	AV2	Endothelium	Ascending_vasa_recta
4602STDY6949195___ACGCCGAAGAGGGCTT	2115	1160	AV2	Endothelium	Ascending_vasa_recta
4602STDY6930857___CCACTACAGATCTGAA	3632	1374	AV2	Endothelium	Ascending_vasa_recta
4602STDY6930853___CTTAGGAAGCAACGGT	1443	781	AV2	Endothelium	Ascending_vasa_recta
4602STDY6930852___ATCACGAGTACGCTGC	3537	1372	AV2	Endothelium	Ascending_vasa_recta
4602STDY6976426___CCTACCAAGGCCCGTT	2162	1169	AV2	Endothelium	Ascending_vasa_recta
4602STDY6930857___GACTAACAGTTGTCGT	6082	1887	AV2	Endothelium	Ascending_vasa_recta
4602STDY7018924___AAAGTAGTCAAGATCC	6583	2548	AV2	Endothelium	Ascending_vasa_recta
4602STDY6930857___CCCAGTTGTACGCTGC	6853	2064	AV2	Endothelium	Ascending_vasa_recta
4602STDY7018923___CACAGTACATGCCTAA	2713	1242	AV2	Endothelium	Ascending_vasa_recta
4602STDY6930857___CCCTCCTAGCGTGAAC	5371	1953	AV2	Endothelium	Ascending_vasa_recta
4602STDY6930852___CTAACTTGTGTTTGGT	1193	723	AV2	Endothelium	Ascending_vasa_recta
4602STDY6949192___TGGCTGGCATCACAAC	3801	1749	AV2	Endothelium	Ascending_vasa_recta
4602STDY6930856___CACACCTAGCTCCCAG	5626	2242	AV2	Endothelium	Ascending_vasa_recta
4602STDY6930856___GTTCGGGCAGGCGATA	3324	1613	AV2	Endothelium	Ascending_vasa_recta
4602STDY6930857___GTAGTCAAGATCGATA	4361	1793	AV2	Endothelium	Ascending_vasa_recta
4602STDY6976428___GAATAAGTCGAATGCT	2167	1252	AV2	Endothelium	Ascending_vasa_recta
4602STDY7018924___ATAACGCCACATTTCT	2084	1208	AV2	Endothelium	Ascending_vasa_recta
4602STDY6930852___GTGTTAGGTGATGTGG	3696	1512	AV2	Endothelium	Ascending_vasa_recta
4602STDY6930857___CTAAGACCACCATCCT	10538	2712	AV2	Endothelium	Ascending_vasa_recta
4602STDY7018631___GGAGCAATCCAAACTG	2307	1155	AV2	Endothelium	Ascending_vasa_recta
4602STDY6930857___ACATACGCAGGAATGC	8335	2400	AV2	Endothelium	Ascending_vasa_recta
4602STDY6976428___GATCAGTTCTGCCCTA	1334	812	AV2	Endothelium	Ascending_vasa_recta
4602STDY6930853___GCTGCAGTCATGGTCA	6546	2482	AV2	Endothelium	Ascending_vasa_recta
4602STDY6976427___GGGTCTGGTGTAAGTA	2818	1426	AV2	Endothelium	Ascending_vasa_recta
4602STDY6930857___TACTTGTCAGACAAGC	4909	1808	AV2	Endothelium	Ascending_vasa_recta
4602STDY6930852___CGCGGTATCAGGCAAG	2025	1180	AV2	Endothelium	Ascending_vasa_recta
4602STDY6930857___CACCTTGCACTTAACG	4424	1755	AV2	Endothelium	Ascending_vasa_recta
4602STDY6930852___GATGCTAAGCCAACAG	1836	1021	AV2	Endothelium	Ascending_vasa_recta
4602STDY6976426___AGACGTTGTAGCGATG	1479	927	AV2	Endothelium	Ascending_vasa_recta
4602STDY7018924___TCCCGATGTTTGACTG	4111	1990	AV2	Endothelium	Ascending_vasa_recta
4602STDY6976427___ACTGATGGTGGCCCTA	2776	1343	AV2	Endothelium	Ascending_vasa_recta
4602STDY6949195___AGTGAGGTCGCCTGTT	3743	1641	AV2	Endothelium	Ascending_vasa_recta
4602STDY6930852___AGCCTAAAGCTAGGCA	606	397	AV2	Endothelium	Ascending_vasa_recta
4602STDY7018630___TCAGGTACACCATCCT	2539	1265	AV2	Endothelium	Ascending_vasa_recta
4602STDY6930853___GAACGGAGTCGGGTCT	1093	706	AV2	Endothelium	Ascending_vasa_recta
4602STDY7018924___AGGCCACAGCCAGTTT	2979	1590	AV2	Endothelium	Ascending_vasa_recta
4602STDY6949195___AAACCTGGTGTTCGAT	3410	1628	AV2	Endothelium	Ascending_vasa_recta
4602STDY7018631___CAGATCAAGTGCGTGA	1347	820	AV2	Endothelium	Ascending_vasa_recta
4602STDY6930856___AGCATACAGGTACTCT	5047	2195	AV2	Endothelium	Ascending_vasa_recta
4602STDY7018924___CGTGTAACAGGGTACA	1190	776	AV2	Endothelium	Ascending_vasa_recta
4602STDY7018628___CCGTGGACATTGGTAC	3306	1353	AV2	Endothelium	Ascending_vasa_recta
4602STDY7018631___CGTAGGCTCTCGATGA	1331	787	AV2	Endothelium	Ascending_vasa_recta
4602STDY6930856___CACAAACAGACATAAC	3910	1884	AV2	Endothelium	Ascending_vasa_recta
4602STDY7018629___TGAGCATCATACAGCT	1960	932	AV2	Endothelium	Ascending_vasa_recta
4602STDY7018924___ACGGAGATCAGCGACC	3610	1719	AV2	Endothelium	Ascending_vasa_recta
4602STDY7018629___GGGACCTAGTAGGTGC	1065	566	AV2	Endothelium	Ascending_vasa_recta
4602STDY6930856___GGCTCGAGTAATCGTC	2308	1300	AV2	Endothelium	Ascending_vasa_recta
4602STDY6930857___ACTTTCAGTGCGGTAA	2482	1054	AV2	Endothelium	Ascending_vasa_recta
4602STDY6949192___TTAGGACTCAATCTCT	4132	1838	AV2	Endothelium	Ascending_vasa_recta
4602STDY6930857___TAGACCAAGAGACTTA	7841	2247	AV2	Endothelium	Ascending_vasa_recta
4602STDY6930856___TGGGAAGTCATAACCG	2285	1295	AV2	Endothelium	Ascending_vasa_recta
4602STDY7018631___CATCAAGGTTGGTGGA	554	381	AV2	Endothelium	Ascending_vasa_recta
4602STDY7090428___TGGCCAGGTAATAGCA	7434	2534	AV2	Endothelium	Ascending_vasa_recta
4602STDY7018631___CGTGTAATCTCTGCTG	2192	1136	AV2	Endothelium	Ascending_vasa_recta
4602STDY7018629___CACACCTCATGACGGA	1030	584	AV2	Endothelium	Ascending_vasa_recta
4602STDY6949178___TCTTTCCAGACCTAGG	4884	2307	AV2	Endothelium	Ascending_vasa_recta
4602STDY6930853___CATCCACTCCTAGAAC	5506	2099	AV2	Endothelium	Ascending_vasa_recta
4602STDY6976427___ACTGTCCAGTGTACTC	3727	1769	AV2	Endothelium	Ascending_vasa_recta
4602STDY6930853___TATCTCAAGGGTATCG	3021	1452	AV2	Endothelium	Ascending_vasa_recta
4602STDY6930856___AGTGAGGCACTTACGA	4995	2096	AV2	Endothelium	Ascending_vasa_recta
4602STDY6930852___ATGCGATCAGATAATG	3309	1396	AV2	Endothelium	Ascending_vasa_recta
4602STDY6930852___AGTTGGTAGTGGGATC	2759	1241	AV2	Endothelium	Ascending_vasa_recta
4602STDY6930856___CGAACATTCAGCTGGC	4383	1978	AV2	Endothelium	Ascending_vasa_recta
4602STDY6930852___TAGTTGGGTGCTTCTC	3204	1460	AV2	Endothelium	Ascending_vasa_recta
4602STDY6976426___CGTCTACTCGCCTGAG	2439	1309	AV2	Endothelium	Ascending_vasa_recta
4602STDY6930857___CTAATGGTCGTTACAG	465	328	AV2	Endothelium	Ascending_vasa_recta
4602STDY6930853___GGCTCGAAGAGAACAG	2925	1335	AV2	Endothelium	Ascending_vasa_recta
4602STDY6930852___ACCGTAACAAAGTGCG	1748	854	AV2	Endothelium	Ascending_vasa_recta
4602STDY6976426___TCAATCTGTAGTACCT	1020	698	AV2	Endothelium	Ascending_vasa_recta
4602STDY7018629___CAAGGCCAGTCGTACT	4808	1735	AV2	Endothelium	Ascending_vasa_recta
4602STDY6930856___CTGATCCAGCCGTCGT	2484	1295	AV2	Endothelium	Ascending_vasa_recta
4602STDY6930852___ACCCACTAGTACATGA	1196	710	AV2	Endothelium	Ascending_vasa_recta
4602STDY7090428___CTCGGAGGTGCAACGA	6336	2256	AV2	Endothelium	Ascending_vasa_recta
4602STDY7018629___TGCTACCTCAGCTGGC	3541	1453	AV2	Endothelium	Ascending_vasa_recta
4602STDY6930857___TCGCGTTTCTTGTATC	1537	746	AV2	Endothelium	Ascending_vasa_recta
4602STDY6930852___ATGCGATCAAGAAGAG	5282	2161	AV2	Endothelium	Ascending_vasa_recta
4602STDY7090428___GCATGCGGTACCAGTT	3440	1613	AV2	Endothelium	Ascending_vasa_recta
4602STDY7018631___ACTGTCCTCACATGCA	2584	1395	AV2	Endothelium	Ascending_vasa_recta
4602STDY6930852___GAACGGAAGCGTTGCC	2915	1233	AV2	Endothelium	Ascending_vasa_recta
4602STDY7018629___CACATAGTCTAAGCCA	2994	1343	AV2	Endothelium	Ascending_vasa_recta
4602STDY6930853___ACGAGGAGTCTAACGT	1421	842	AV2	Endothelium	Ascending_vasa_recta
4602STDY6976428___GTGCGGTAGTACGCCC	2943	1433	AV2	Endothelium	Ascending_vasa_recta
4602STDY6930852___TGGCGCAAGATGTCGG	4956	1937	AV2	Endothelium	Ascending_vasa_recta
4602STDY7018924___GGCTCGAGTGATGTCT	7860	2887	AV2	Endothelium	Ascending_vasa_recta
4602STDY6930852___AGTGTCAAGAGCCTAG	2747	1237	AV2	Endothelium	Ascending_vasa_recta
4602STDY7018924___AGTTGGTAGTATGACA	2374	1307	AV2	Endothelium	Ascending_vasa_recta
4602STDY6930857___GTGAAGGAGTGGGCTA	4447	1752	AV2	Endothelium	Ascending_vasa_recta
4602STDY7018631___AAATGCCGTAATCACC	1075	713	AV2	Endothelium	Ascending_vasa_recta
4602STDY6930856___CAACCAAAGTGTACGG	1283	829	AV2	Endothelium	Ascending_vasa_recta
4602STDY7018924___TACACGAGTTTGGGCC	3308	1717	AV2	Endothelium	Ascending_vasa_recta
4602STDY6976426___CGTAGGCAGTGAAGAG	2800	1322	AV2	Endothelium	Ascending_vasa_recta
4602STDY7018629___TTGCCGTTCTTACCTA	2050	959	AV2	Endothelium	Ascending_vasa_recta
4602STDY6949188___TTCGAAGTCTGCGACG	1290	878	AV2	Endothelium	Ascending_vasa_recta
4602STDY6930852___TGCCCATGTTGATTGC	1664	922	AV2	Endothelium	Ascending_vasa_recta
4602STDY6949178___ATGTGTGCAAGCGCTC	4019	1976	AV2	Endothelium	Ascending_vasa_recta
4602STDY6930856___ATGTGTGCACGTCTCT	3164	1601	AV2	Endothelium	Ascending_vasa_recta
4602STDY6930853___CCTTACGCAGACGCCT	6157	2296	AV2	Endothelium	Ascending_vasa_recta
4602STDY6949179___AGTGGGAGTAATCACC	4869	2474	AV2	Endothelium	Ascending_vasa_recta
4602STDY6930856___CTTACCGTCCTAGTGA	6604	2563	AV2	Endothelium	Ascending_vasa_recta
4602STDY6930853___CTCGAGGTCACAGTAC	897	573	AV2	Endothelium	Ascending_vasa_recta
4602STDY6930853___AGGTCATTCTCGATGA	4451	1830	AV2	Endothelium	Ascending_vasa_recta
4602STDY6949184___CCATTCGGTGCTAGCC	1418	1008	AV2	Endothelium	Ascending_vasa_recta
4602STDY6930853___TTTACTGAGGGATACC	2247	1063	AV2	Endothelium	Ascending_vasa_recta
4602STDY6930853___ACGATGTCACAGATTC	1261	729	AV2	Endothelium	Ascending_vasa_recta
4602STDY7090428___CACATAGCACCAGATT	8108	3051	AV2	Endothelium	Ascending_vasa_recta
4602STDY6949185___CCTACCACATCTCCCA	2968	1588	AV2	Endothelium	Ascending_vasa_recta
4602STDY6930852___TCAGCAAGTTGCCTCT	1292	683	AV2	Endothelium	Ascending_vasa_recta
4602STDY6930857___AGCTCTCAGGGCTCTC	4718	1815	AV2	Endothelium	Ascending_vasa_recta
4602STDY7018628___CTAGCCTAGTTACGGG	6003	1930	AV2	Endothelium	Ascending_vasa_recta
4602STDY6949195___AGGGTGATCAGAAATG	3476	1661	AV2	Endothelium	Ascending_vasa_recta
4602STDY7018924___GACGGCTTCAACACTG	2068	1145	AV2	Endothelium	Ascending_vasa_recta
4602STDY6976427___ACTATCTAGTTCGCGC	1456	915	AV2	Endothelium	Ascending_vasa_recta
4602STDY6949178___ACTGAGTCAGTCGATT	1645	967	AV2	Endothelium	Ascending_vasa_recta
4602STDY6930853___ACTGAGTCAGGGTATG	6241	2002	AV2	Endothelium	Ascending_vasa_recta
4602STDY6976427___CAGTAACGTGTGCGTC	1910	1074	AV2	Endothelium	Ascending_vasa_recta
4602STDY6976428___TTGCCGTGTCGATTGT	2130	1138	AV2	Endothelium	Ascending_vasa_recta
4602STDY7090428___CCGGTAGGTTCCACAA	8243	2692	AV2	Endothelium	Ascending_vasa_recta
4602STDY6930857___TGGCCAGAGACAGGCT	3664	1297	AV2	Endothelium	Ascending_vasa_recta
4602STDY7018924___AAGCCGCCACATGTGT	2224	1238	AV2	Endothelium	Ascending_vasa_recta
4602STDY7018924___TCTGAGAGTAAGTAGT	2522	1228	AV2	Endothelium	Ascending_vasa_recta
4602STDY6976428___GAAGCAGAGGTACTCT	2013	1108	AV2	Endothelium	Ascending_vasa_recta
4602STDY6976428___CTTTGCGCAAACGTGG	3976	1857	AV2	Endothelium	Ascending_vasa_recta
4602STDY6949192___GCTGCAGTCTGTCTCG	1930	1085	AV2	Endothelium	Ascending_vasa_recta
4602STDY6930853___GGACGTCCAAGCCTAT	2982	1458	AV2	Endothelium	Ascending_vasa_recta
4602STDY7018630___GTGGGTCGTATAAACG	4352	1740	AV2	Endothelium	Ascending_vasa_recta
4602STDY6930857___CTGATAGCAAATTGCC	3812	1529	AV2	Endothelium	Ascending_vasa_recta
4602STDY6930852___TTCTCAACAAACTGCT	8451	2421	AV2	Endothelium	Ascending_vasa_recta
4602STDY6949188___CGATCGGGTCGCATCG	1390	894	AV2	Endothelium	Ascending_vasa_recta
4602STDY6930857___CGACTTCCATCTCCCA	7003	2271	AV2	Endothelium	Ascending_vasa_recta
4602STDY6949192___ATTGGACAGGCTACGA	1629	913	AV2	Endothelium	Ascending_vasa_recta
4602STDY6930857___CCAATCCGTCCATGAT	6292	2145	AV2	Endothelium	Ascending_vasa_recta
4602STDY6930853___GAAACTCAGATGCCAG	1332	798	AV2	Endothelium	Ascending_vasa_recta
4602STDY6930853___GTAACTGAGTGTACGG	1697	853	AV2	Endothelium	Ascending_vasa_recta
4602STDY6930857___AGCTCTCAGTGAAGAG	8156	2456	AV2	Endothelium	Ascending_vasa_recta
4602STDY6930856___GCTGCTTCAACCGCCA	4772	1990	AV2	Endothelium	Ascending_vasa_recta
4602STDY7018629___AATCCAGAGCCTATGT	7767	2427	AV2	Endothelium	Ascending_vasa_recta
4602STDY7018924___ATCTGCCTCCACGTGG	5236	2332	AV2	Endothelium	Ascending_vasa_recta
4602STDY7018629___CTTAGGAGTCTAGTGT	2066	892	AV2	Endothelium	Ascending_vasa_recta
4602STDY6930852___CCTTACGGTCCGCTGA	1006	602	AV2	Endothelium	Ascending_vasa_recta
4602STDY6976428___GCTGCGACAGGAACGT	1521	894	AV2	Endothelium	Ascending_vasa_recta
4602STDY7018924___ACGATGTAGACCACGA	4787	1971	AV2	Endothelium	Ascending_vasa_recta
4602STDY7018924___CTTAGGACATAGACTC	3284	1634	AV2	Endothelium	Ascending_vasa_recta
4602STDY6930853___TGGACGCCATAGGATA	2485	1285	AV2	Endothelium	Ascending_vasa_recta
4602STDY6976426___TTTGTCAGTAGCGTCC	1206	742	AV2	Endothelium	Ascending_vasa_recta
4602STDY7090428___GGGCATCAGACCCACC	5912	2477	AV2	Endothelium	Ascending_vasa_recta
4602STDY7018630___GAACATCAGCTAAACA	2939	1348	AV2	Endothelium	Ascending_vasa_recta
4602STDY6930852___ACGAGGAAGGCTAGAC	1148	708	AV2	Endothelium	Ascending_vasa_recta
4602STDY6930853___TGACAACCACCTTGTC	4493	1905	AV2	Endothelium	Ascending_vasa_recta
4602STDY7018630___TTTGTCATCCTGTAGA	3477	1378	AV2	Endothelium	Ascending_vasa_recta
4602STDY6930857___CAGCAGCTCCGTAGGC	3664	1567	AV2	Endothelium	Ascending_vasa_recta
4602STDY6949180___CATTATCAGTAACCCT	2859	1538	AV2	Endothelium	Ascending_vasa_recta
4602STDY6930852___AATCCAGAGTGTCTCA	2828	1367	AV2	Endothelium	Ascending_vasa_recta
4602STDY6930853___AGCCTAAAGGGAGTAA	1742	1002	AV2	Endothelium	Ascending_vasa_recta
4602STDY6930852___AGCTTGATCAGCTCGG	7102	2431	AV2	Endothelium	Ascending_vasa_recta
4602STDY7018628___CATGCCTAGTCGTACT	3447	1382	AV2	Endothelium	Ascending_vasa_recta
4602STDY7018629___CGTGTCTTCAGATAAG	3020	1279	AV2	Endothelium	Ascending_vasa_recta
4602STDY6930852___ACTGCTCGTCTAGCCG	2560	1162	AV2	Endothelium	Ascending_vasa_recta
4602STDY6949195___GTAGGCCGTGAGTATA	2797	1423	AV2	Endothelium	Ascending_vasa_recta
4602STDY6976428___GGAAAGCTCAGCTTAG	2554	1366	AV2	Endothelium	Ascending_vasa_recta
4602STDY7018628___TGGTTAGTCTGTCAAG	5070	1606	AV2	Endothelium	Ascending_vasa_recta
4602STDY7090428___GGGCACTGTAAACCTC	1723	957	AV2	Endothelium	Ascending_vasa_recta
4602STDY6930856___AATCCAGAGTACGATA	2057	1122	AV2	Endothelium	Ascending_vasa_recta
4602STDY6949195___ATGCGATCAATCTACG	1969	1212	AV2	Endothelium	Ascending_vasa_recta
4602STDY7018924___CTGGTCTCACGAAACG	3215	1554	AV2	Endothelium	Ascending_vasa_recta
4602STDY6930853___GAAGCAGGTCGCTTCT	3066	1506	AV2	Endothelium	Ascending_vasa_recta
4602STDY6949179___CAGATCAGTGCTAGCC	4039	2053	AV2	Endothelium	Ascending_vasa_recta
4602STDY7018924___GACGCGTGTCTCATCC	4551	2123	AV2	Endothelium	Ascending_vasa_recta
4602STDY6930853___GTACTTTGTAGCGCAA	1063	610	AV2	Endothelium	Ascending_vasa_recta
4602STDY6930853___TCACAAGTCTAGAGTC	2049	982	AV2	Endothelium	Ascending_vasa_recta
4602STDY7018628___CCATGTCAGGCCCTTG	3739	1609	AV2	Endothelium	Ascending_vasa_recta
4602STDY6949179___GGGCATCCATTCACTT	3435	1838	AV2	Endothelium	Ascending_vasa_recta
4602STDY6949179___GGGAATGGTAGCAAAT	3845	2033	AV2	Endothelium	Ascending_vasa_recta
4602STDY7018924___ATGGGAGTCCGTCATC	6092	2405	AV2	Endothelium	Ascending_vasa_recta
4602STDY6930856___ATAAGAGTCATAAAGG	2540	1379	AV2	Endothelium	Ascending_vasa_recta
4602STDY6930852___ATTATCCTCAGTCAGT	1741	989	AV2	Endothelium	Ascending_vasa_recta
4602STDY6949188___AAACCTGGTGTGAAAT	3656	1853	AV2	Endothelium	Ascending_vasa_recta
4602STDY6930856___ACATCAGAGTTATCGC	3565	1642	AV2	Endothelium	Ascending_vasa_recta
4602STDY7018631___GGGTTGCTCACTTATC	3792	1751	AV2	Endothelium	Ascending_vasa_recta
4602STDY6930853___ACGGGTCAGGGATACC	1824	998	AV2	Endothelium	Ascending_vasa_recta
4602STDY6949186___AAGCCGCCATGACATC	3473	1770	AV2	Endothelium	Ascending_vasa_recta
4602STDY6930857___CTGAAGTCAACCGCCA	7267	2309	AV2	Endothelium	Ascending_vasa_recta
4602STDY7018628___AAATGCCGTGGTACAG	13280	3362	AV2	Endothelium	Ascending_vasa_recta
4602STDY6949180___GTACGTAGTCACCTAA	4011	1946	AV2	Endothelium	Ascending_vasa_recta
4602STDY6930856___GCATGTACATCCCATC	2268	1175	AV2	Endothelium	Ascending_vasa_recta
4602STDY6949184___GATGAAATCCGAACGC	3099	1614	AV2	Endothelium	Ascending_vasa_recta
4602STDY7018924___CAAGGCCAGTGAACAT	3579	1744	AV2	Endothelium	Ascending_vasa_recta
4602STDY6930852___GCTTGAACAGTAAGCG	5801	2145	AV2	Endothelium	Ascending_vasa_recta
4602STDY6930853___GTACGTAGTATAATGG	4019	1655	AV2	Endothelium	Ascending_vasa_recta
4602STDY6930857___AGCGTCGGTACTTAGC	4363	1494	AV2	Endothelium	Ascending_vasa_recta
4602STDY7018631___GTGTTAGAGATCCTGT	2751	1391	AV2	Endothelium	Ascending_vasa_recta
4602STDY6949181___CAAGAAAGTTTGGCGC	4846	2272	AV2	Endothelium	Ascending_vasa_recta
4602STDY6949192___ATCATCTAGACGCTTT	4274	2036	AV2	Endothelium	Ascending_vasa_recta
4602STDY6930857___ATTTCTGTCCTCATTA	5382	1675	AV2	Endothelium	Ascending_vasa_recta
4602STDY6930856___GATTCAGCAATCTGCA	1635	888	AV2	Endothelium	Ascending_vasa_recta
4602STDY6930857___TCGTAGAGTCAGAAGC	735	494	AV2	Endothelium	Ascending_vasa_recta
4602STDY6930856___GCTCCTATCGGATGTT	2491	1304	AV2	Endothelium	Ascending_vasa_recta
4602STDY7018630___AGCGTATTCTGATACG	3344	1292	AV2	Endothelium	Ascending_vasa_recta
4602STDY6949192___GTGTTAGAGCGAGAAA	9730	3107	AV2	Endothelium	Ascending_vasa_recta
4602STDY6930852___GACCAATTCCCTGACT	1509	721	AV2	Endothelium	Ascending_vasa_recta
4602STDY6930856___AGTTGGTGTGTGACGA	854	533	AV2	Endothelium	Ascending_vasa_recta
4602STDY7018924___AGGTCATGTAAGGGAA	2910	1495	AV2	Endothelium	Ascending_vasa_recta
4602STDY6949186___ACATCAGAGATACACA	1391	997	AV2	Endothelium	Ascending_vasa_recta
4602STDY6930853___CATTATCAGGTCATCT	10656	3520	AV2	Endothelium	Ascending_vasa_recta
4602STDY6930853___ACCTTTATCATTGCGA	2888	1211	AV2	Endothelium	Ascending_vasa_recta
4602STDY6930856___ATCATGGGTCGGCTCA	2865	1545	AV2	Endothelium	Ascending_vasa_recta
4602STDY6930857___TTTGGTTAGTGGGCTA	3188	1184	AV2	Endothelium	Ascending_vasa_recta
4602STDY6930852___CAGCTGGTCGCGTTTC	1471	883	AV2	Endothelium	Ascending_vasa_recta
4602STDY6930857___TCTCTAATCGTACCGG	4066	1635	AV2	Endothelium	Ascending_vasa_recta
4602STDY6930857___GGGACCTGTTCCGGCA	4554	1683	AV2	Endothelium	Ascending_vasa_recta
4602STDY7018924___TGCGGGTTCGTTGACA	5901	2467	AV2	Endothelium	Ascending_vasa_recta
4602STDY6930857___GGCCGATAGAATTGTG	6480	2059	AV2	Endothelium	Ascending_vasa_recta
4602STDY6930857___GGTGAAGCACAGTCGC	4282	1758	AV2	Endothelium	Ascending_vasa_recta
4602STDY6930853___CGACTTCCACAGCCCA	1245	668	AV2	Endothelium	Ascending_vasa_recta
4602STDY7018924___CGATGTATCACCTCGT	3385	1786	AV2	Endothelium	Ascending_vasa_recta
4602STDY7018630___AGAGCGACAGCCTGTG	7113	2363	AV2	Endothelium	Ascending_vasa_recta
4602STDY7018628___CAGGTGCGTCTACCTC	4529	1618	AV2	Endothelium	Ascending_vasa_recta
4602STDY7018924___TTAACTCTCATCACCC	5370	2429	AV2	Endothelium	Ascending_vasa_recta
4602STDY6930856___ATCGAGTGTCCAAGTT	3233	1490	AV2	Endothelium	Ascending_vasa_recta
4602STDY6930853___TTGCCGTTCGTGGTCG	3102	1485	AV2	Endothelium	Ascending_vasa_recta
4602STDY6930857___ACATCAGGTCAGGACA	6377	2053	AV2	Endothelium	Ascending_vasa_recta
4602STDY6930857___GGCTGGTAGGGATGGG	2438	1108	AV2	Endothelium	Ascending_vasa_recta
4602STDY6949180___AAACGGGAGATACACA	6672	2586	AV2	Endothelium	Ascending_vasa_recta
4602STDY7018924___CGACCTTTCGTACGGC	1127	773	AV2	Endothelium	Ascending_vasa_recta
4602STDY6949195___GTCAAGTAGGGTTCCC	4151	1715	AV2	Endothelium	Ascending_vasa_recta
4602STDY6949195___CTAGCCTCACAACGCC	2639	1451	AV2	Endothelium	Ascending_vasa_recta
4602STDY6930852___CAGCTAACATTCGACA	1781	1031	AV2	Endothelium	Ascending_vasa_recta
4602STDY7018924___ACGGGTCAGTGTGAAT	1320	822	AV2	Endothelium	Ascending_vasa_recta
4602STDY6976428___ACGCCGATCACGGTTA	565	430	AV2	Endothelium	Ascending_vasa_recta
4602STDY6930852___GGACGTCCAACGATCT	3749	1602	AV2	Endothelium	Ascending_vasa_recta
4602STDY6930852___GCTTCCAAGTGGACGT	2170	1041	AV2	Endothelium	Ascending_vasa_recta
4602STDY6949189___AACTCCCTCGGTGTTA	2152	1316	AV2	Endothelium	Ascending_vasa_recta
4602STDY7018628___TAAGAGATCACAATGC	3770	1458	AV2	Endothelium	Ascending_vasa_recta
4602STDY6930857___TGGTTAGCAGCTGGCT	3874	1788	AV2	Endothelium	Ascending_vasa_recta
4602STDY6930852___AAAGTAGAGACAGAGA	3893	1799	AV2	Endothelium	Ascending_vasa_recta
4602STDY6930852___GTGAAGGAGGGTTCCC	3160	1406	AV2	Endothelium	Ascending_vasa_recta
4602STDY6930853___ATTACTCTCTCCTATA	427	291	AV2	Endothelium	Ascending_vasa_recta
4602STDY7018628___GGTGAAGAGGTACTCT	6221	2199	AV2	Endothelium	Ascending_vasa_recta
4602STDY6930857___TGTATTCAGGTGCAAC	1831	780	AV2	Endothelium	Ascending_vasa_recta
4602STDY7018924___TCCACACTCCTGCAGG	2584	1281	AV2	Endothelium	Ascending_vasa_recta
4602STDY6930857___GGATTACAGGCTCATT	2465	1039	AV2	Endothelium	Ascending_vasa_recta
4602STDY6976427___CACAGGCGTTACGGAG	1085	605	AV2	Endothelium	Ascending_vasa_recta
4602STDY6976428___CTAGCCTCATATGCTG	2628	1458	AV2	Endothelium	Ascending_vasa_recta
4602STDY6930853___GATGAAAAGTGGTAAT	3932	1642	AV2	Endothelium	Ascending_vasa_recta
4602STDY6930853___GGATTACGTGTTGAGG	4449	1846	AV2	Endothelium	Ascending_vasa_recta
4602STDY6930857___ATTGGTGAGCAGACTG	3218	1420	AV2	Endothelium	Ascending_vasa_recta
4602STDY7090428___GGACGTCCAAGAAAGG	1168	690	G	Nephron_epithelium	Glomerular_epithelium
4602STDY6949185___GACGTGCCAGTCCTTC	7278	2972	G	Nephron_epithelium	Glomerular_epithelium
4602STDY7018923___TAGTGGTGTCGCATCG	1900	1034	G	Nephron_epithelium	Glomerular_epithelium
4602STDY6949192___TCCACACCATCGTCGG	1086	598	G	Nephron_epithelium	Glomerular_epithelium
4602STDY6949185___CGGGTCATCGCAGGCT	8741	3310	G	Nephron_epithelium	Glomerular_epithelium
4602STDY7018923___CGGCTAGGTGCAGGTA	1970	1003	G	Nephron_epithelium	Glomerular_epithelium
4602STDY6949178___ACGAGCCAGGTTCCTA	431	307	G	Nephron_epithelium	Glomerular_epithelium
4602STDY7090428___CGGACTGTCGGATGGA	1073	723	G	Nephron_epithelium	Glomerular_epithelium
4602STDY7018924___GGATTACGTGTTTGTG	349	290	G	Nephron_epithelium	Glomerular_epithelium
4602STDY6930852___GAACGGATCACTTACT	1431	730	G	Nephron_epithelium	Glomerular_epithelium
4602STDY7090428___AGCTTGAGTGGTACAG	583	459	G	Nephron_epithelium	Glomerular_epithelium
4602STDY7018923___TGAGAGGAGAACAACT	1780	939	G	Nephron_epithelium	Glomerular_epithelium
4602STDY7090428___AACTCAGTCCTACAGA	481	366	G	Nephron_epithelium	Glomerular_epithelium
4602STDY7018923___CTGAAACTCTCTGCTG	6764	2442	G	Nephron_epithelium	Glomerular_epithelium
4602STDY7090428___CTGTTTAAGCAGCGTA	6331	2537	G	Nephron_epithelium	Glomerular_epithelium
4602STDY7018923___CACCAGGGTGAAATCA	3816	1687	G	Nephron_epithelium	Glomerular_epithelium
4602STDY7090428___TTGTAGGCACAAGTAA	967	594	G	Nephron_epithelium	Glomerular_epithelium
4602STDY6976428___GTCTCGTTCTAACGGT	1670	984	G	Nephron_epithelium	Glomerular_epithelium
4602STDY7018923___ATCTGCCGTACCAGTT	2565	1213	G	Nephron_epithelium	Glomerular_epithelium
4602STDY7018923___CTGGTCTCACACCGAC	2369	1203	G	Nephron_epithelium	Glomerular_epithelium
4602STDY7018923___TACTTGTAGGCCATAG	1653	939	G	Nephron_epithelium	Glomerular_epithelium
4602STDY7018923___TTTGCGCTCAACGAAA	5233	1965	G	Nephron_epithelium	Glomerular_epithelium
4602STDY6949188___AGGCCACCAGCTCGAC	9478	3529	G	Nephron_epithelium	Glomerular_epithelium
4602STDY7018923___CGCTGGATCCGTTGCT	2494	1236	G	Nephron_epithelium	Glomerular_epithelium
4602STDY7018923___TTTCCTCAGCTAGTTC	7704	2652	G	Nephron_epithelium	Glomerular_epithelium
4602STDY7018923___CACATAGAGCGCCTCA	1527	855	G	Nephron_epithelium	Glomerular_epithelium
4602STDY7090428___TTTCCTCCACAGCCCA	1697	1130	G	Nephron_epithelium	Glomerular_epithelium
4602STDY6949192___TGGTTAGCAGGTGCCT	3111	1529	G	Nephron_epithelium	Glomerular_epithelium
4602STDY7018923___CATGGCGCATGCATGT	2347	1184	G	Nephron_epithelium	Glomerular_epithelium
4602STDY7018924___AAGCCGCCACATAACC	6212	2535	G	Nephron_epithelium	Glomerular_epithelium
4602STDY7018923___AGTGTCATCCTGCAGG	772	492	G	Nephron_epithelium	Glomerular_epithelium
4602STDY7018923___CCACCTAAGTGAACAT	436	334	G	Nephron_epithelium	Glomerular_epithelium
4602STDY7090428___CCTAGCTGTCGCTTTC	3645	1769	G	Nephron_epithelium	Glomerular_epithelium
4602STDY7090428___CGTCACTAGACGCAAC	25501	5736	G	Nephron_epithelium	Glomerular_epithelium
4602STDY7018923___CGGAGCTTCAGGCAAG	7159	2325	G	Nephron_epithelium	Glomerular_epithelium
4602STDY7090428___CTGAAACCACCAGATT	4593	1978	G	Nephron_epithelium	Glomerular_epithelium
4602STDY7090428___CTGCTGTAGGTTCCTA	722	477	G	Nephron_epithelium	Glomerular_epithelium
4602STDY7018923___TAGTGGTCACCTATCC	3278	1442	G	Nephron_epithelium	Glomerular_epithelium
4602STDY7090428___CTGCTGTTCGGATGTT	1557	905	G	Nephron_epithelium	Glomerular_epithelium
4602STDY7018923___CACACCTAGCTACCTA	9025	2839	G	Nephron_epithelium	Glomerular_epithelium
4602STDY7018923___CTGAAACTCCTTTACA	2461	1238	G	Nephron_epithelium	Glomerular_epithelium
4602STDY7018923___TGAAAGATCTAGCACA	1924	1037	G	Nephron_epithelium	Glomerular_epithelium
4602STDY6949192___CGTTGGGCATTCTCAT	4405	2171	G	Nephron_epithelium	Glomerular_epithelium
4602STDY7018923___CGTAGGCGTCTTCTCG	2111	1016	G	Nephron_epithelium	Glomerular_epithelium
4602STDY6949195___GTACTTTCATCCGGGT	394	272	G	Nephron_epithelium	Glomerular_epithelium
4602STDY7018923___CACATAGTCATGTCTT	3354	1440	G	Nephron_epithelium	Glomerular_epithelium
4602STDY7018630___CGTGTCTCAGACTCGC	15228	3724	G	Nephron_epithelium	Glomerular_epithelium
4602STDY6976426___GTGCATAAGACACTAA	5888	2590	G	Nephron_epithelium	Glomerular_epithelium
4602STDY7018923___AAAGTAGTCCCTTGTG	9829	2940	G	Nephron_epithelium	Glomerular_epithelium
4602STDY7018923___ACTTTCACAAGCGCTC	2592	1209	G	Nephron_epithelium	Glomerular_epithelium
4602STDY7018923___CGATGGCGTAATTGGA	5491	2030	G	Nephron_epithelium	Glomerular_epithelium
4602STDY7090428___CATCAGAGTTAGAACA	2496	1388	G	Nephron_epithelium	Glomerular_epithelium
4602STDY7018923___CTGTGCTTCTCTGTCG	6968	2520	G	Nephron_epithelium	Glomerular_epithelium
4602STDY6930852___GCCAAATAGCCGCCTA	4375	1940	G	Nephron_epithelium	Glomerular_epithelium
4602STDY7018923___ACGGGTCGTGACGGTA	2300	1203	G	Nephron_epithelium	Glomerular_epithelium
4602STDY7018923___TACACGAAGTACTTGC	2771	1126	G	Nephron_epithelium	Glomerular_epithelium
4602STDY7090428___AGGCCACCAGTACACT	934	666	G	Nephron_epithelium	Glomerular_epithelium
4602STDY6949185___TATTACCCATCGACGC	10845	3637	G	Nephron_epithelium	Glomerular_epithelium
4602STDY7018923___ATTGGACTCCTAGAAC	3957	1586	G	Nephron_epithelium	Glomerular_epithelium
4602STDY7018923___GTACTCCCAGTATGCT	6084	2238	G	Nephron_epithelium	Glomerular_epithelium
4602STDY7018923___GGGCACTTCGCATGGC	1891	959	G	Nephron_epithelium	Glomerular_epithelium
4602STDY7090428___GTCATTTTCCCTTGTG	6788	2786	G	Nephron_epithelium	Glomerular_epithelium
4602STDY7018923___TCTGGAAAGGCCCTCA	2737	1271	G	Nephron_epithelium	Glomerular_epithelium
4602STDY7018923___ATAAGAGAGAGCTGGT	3169	1365	G	Nephron_epithelium	Glomerular_epithelium
4602STDY7090428___CACCAGGAGATCCGAG	2492	1345	G	Nephron_epithelium	Glomerular_epithelium
4602STDY6949186___CATGACAAGTACGTTC	7049	3059	G	Nephron_epithelium	Glomerular_epithelium
4602STDY7018923___CACACTCTCGAATGGG	7958	2624	G	Nephron_epithelium	Glomerular_epithelium
4602STDY7090428___GTCAAGTGTCGAAAGC	7247	2760	G	Nephron_epithelium	Glomerular_epithelium
4602STDY7018923___ACGCAGCTCAGCAACT	1982	990	G	Nephron_epithelium	Glomerular_epithelium
4602STDY6949195___ATTTCTGTCATTGCCC	4647	2127	G	Nephron_epithelium	Glomerular_epithelium
4602STDY6976427___AGAGCGATCCCGGATG	3171	1518	G	Nephron_epithelium	Glomerular_epithelium
4602STDY7018923___ACGTCAATCAACTCTT	3412	1568	G	Nephron_epithelium	Glomerular_epithelium
4602STDY7018923___CTGCGGAAGTATGACA	1400	829	G	Nephron_epithelium	Glomerular_epithelium
4602STDY6976426___CATGGCGAGTACATGA	511	398	G	Nephron_epithelium	Glomerular_epithelium
4602STDY6949188___GTACTCCCACCTCGGA	10843	3580	G	Nephron_epithelium	Glomerular_epithelium
4602STDY6930853___CACACAAGTTGGACCC	4016	1541	G	Nephron_epithelium	Glomerular_epithelium
4602STDY7018923___CGTGTCTAGCTAGGCA	3412	1361	G	Nephron_epithelium	Glomerular_epithelium
4602STDY7018923___GATTCAGCAAGCTGAG	2424	1162	G	Nephron_epithelium	Glomerular_epithelium
4602STDY7018923___GGGTTGCCACAGATTC	6695	2354	G	Nephron_epithelium	Glomerular_epithelium
4602STDY7018923___GGCTGGTTCACTTATC	3554	1483	G	Nephron_epithelium	Glomerular_epithelium
4602STDY7090428___TACCTATGTGTAAGTA	2821	1491	G	Nephron_epithelium	Glomerular_epithelium
4602STDY6949185___CATTCGCGTTGTTTGG	8644	3321	G	Nephron_epithelium	Glomerular_epithelium
4602STDY6949181___ACACCAAAGTATCTCG	401	301	G	Nephron_epithelium	Glomerular_epithelium
4602STDY7018923___GACGTTATCGGAGGTA	1559	857	G	Nephron_epithelium	Glomerular_epithelium
4602STDY6949185___AGAGCGATCCCTAATT	7146	2897	G	Nephron_epithelium	Glomerular_epithelium
4602STDY7018923___CGGTTAATCCCAAGTA	8304	2679	G	Nephron_epithelium	Glomerular_epithelium
4602STDY7018923___TGCCAAACAAGACACG	2264	1136	G	Nephron_epithelium	Glomerular_epithelium
4602STDY6976428___TAAGAGATCGAACTGT	3916	1976	G	Nephron_epithelium	Glomerular_epithelium
4602STDY7018923___CATGGCGTCCGGGTGT	2734	1287	G	Nephron_epithelium	Glomerular_epithelium
4602STDY7090428___GCATACAGTCAGAATA	6253	2657	G	Nephron_epithelium	Glomerular_epithelium
4602STDY7018923___ACGATGTAGCCCAATT	9411	2941	G	Nephron_epithelium	Glomerular_epithelium
4602STDY7018923___AGAGCGATCTCAAACG	6650	2409	G	Nephron_epithelium	Glomerular_epithelium
4602STDY7018923___TCTCTAAGTGATGATA	3501	1462	G	Nephron_epithelium	Glomerular_epithelium
4602STDY6949178___ACGCCGACACAACGCC	1876	984	G	Nephron_epithelium	Glomerular_epithelium
4602STDY7090428___GTAACGTTCTGTGCAA	540	425	G	Nephron_epithelium	Glomerular_epithelium
4602STDY7018923___GTTCTCGGTTCAGCGC	5957	2161	G	Nephron_epithelium	Glomerular_epithelium
4602STDY7018923___CGTGTAAAGGTGTTAA	1509	935	G	Nephron_epithelium	Glomerular_epithelium
4602STDY7090428___GAATGAAGTCTTGATG	7412	2897	G	Nephron_epithelium	Glomerular_epithelium
4602STDY7018923___TCTTCGGAGGTGGGTT	2956	1382	G	Nephron_epithelium	Glomerular_epithelium
4602STDY7018923___GGGAATGGTCGAGATG	2109	1066	G	Nephron_epithelium	Glomerular_epithelium
4602STDY7018923___CGCCAAGGTCAACATC	2485	1113	G	Nephron_epithelium	Glomerular_epithelium
4602STDY7018923___GGGACCTAGGATGGTC	2140	1052	G	Nephron_epithelium	Glomerular_epithelium
4602STDY7018923___GGCTCGATCCATGCTC	4173	1766	G	Nephron_epithelium	Glomerular_epithelium
4602STDY7018923___TTCTACAGTCTTCAAG	1990	1065	G	Nephron_epithelium	Glomerular_epithelium
4602STDY6949185___TTCTCAAGTCGAACAG	15044	4189	G	Nephron_epithelium	Glomerular_epithelium
4602STDY7018923___GCAAACTGTGAGGCTA	743	500	G	Nephron_epithelium	Glomerular_epithelium
4602STDY6949188___GCCTCTACACATGACT	8820	3128	G	Nephron_epithelium	Glomerular_epithelium
4602STDY6976426___GTGAAGGAGTACCGGA	2273	1074	G	Nephron_epithelium	Glomerular_epithelium
4602STDY7018923___TAAACCGAGTCCTCCT	4418	1628	G	Nephron_epithelium	Glomerular_epithelium
4602STDY7090428___TAAGTGCTCTGGCGAC	3146	1567	G	Nephron_epithelium	Glomerular_epithelium
4602STDY6949195___TCCACACCAACTGCGC	2625	1354	G	Nephron_epithelium	Glomerular_epithelium
4602STDY7018923___ATTCTACCATACCATG	7339	2528	G	Nephron_epithelium	Glomerular_epithelium
4602STDY7090428___CCTATTAGTCGCATCG	2193	1227	G	Nephron_epithelium	Glomerular_epithelium
4602STDY6949189___CACAGTACAACACCCG	13162	4116	G	Nephron_epithelium	Glomerular_epithelium
4602STDY7090428___TCGGTAATCCAGTAGT	14577	4326	G	Nephron_epithelium	Glomerular_epithelium
4602STDY7090428___CCTCAGTAGTGGAGAA	2998	1484	G	Nephron_epithelium	Glomerular_epithelium
4602STDY7018923___GTACGTAAGCTTTGGT	8249	2663	G	Nephron_epithelium	Glomerular_epithelium
4602STDY6976427___ACGAGGAAGTTGAGAT	319	238	G	Nephron_epithelium	Glomerular_epithelium
4602STDY6949178___GCGCCAATCCGAACGC	319	263	G	Nephron_epithelium	Glomerular_epithelium
4602STDY7090428___TGCGCAGGTGTGACGA	1468	844	G	Nephron_epithelium	Glomerular_epithelium
4602STDY7018923___CATATTCAGTCCGTAT	8496	2781	G	Nephron_epithelium	Glomerular_epithelium
4602STDY7090428___AAGGCAGGTCATGCAT	1545	871	G	Nephron_epithelium	Glomerular_epithelium
4602STDY6976427___AACTGGTGTGCCTGTG	3272	1635	G	Nephron_epithelium	Glomerular_epithelium
4602STDY7090428___TCGCGAGCATTCTCAT	2190	1250	G	Nephron_epithelium	Glomerular_epithelium
4602STDY7090428___CTCGTCATCTGCCAGG	1385	917	G	Nephron_epithelium	Glomerular_epithelium
4602STDY7090428___ACTTGTTAGGAATCGC	9459	3276	G	Nephron_epithelium	Glomerular_epithelium
4602STDY7018923___AGGCCGTAGATATGGT	2048	1016	G	Nephron_epithelium	Glomerular_epithelium
4602STDY7018923___TCGTACCTCGGTGTTA	9194	2814	G	Nephron_epithelium	Glomerular_epithelium
4602STDY6949188___GCATGATTCATAGCAC	4905	1929	G	Nephron_epithelium	Glomerular_epithelium
4602STDY7090428___GCATACAGTGACTCAT	1968	1117	G	Nephron_epithelium	Glomerular_epithelium
4602STDY7018923___CGAGCCAAGCGATGAC	2816	1334	G	Nephron_epithelium	Glomerular_epithelium
4602STDY7018923___AGGCCGTTCGTCACGG	4646	1842	G	Nephron_epithelium	Glomerular_epithelium
4602STDY7018923___GGGCACTTCATACGGT	2628	1224	G	Nephron_epithelium	Glomerular_epithelium
4602STDY7018923___GAGGTGAGTATTAGCC	3363	1448	G	Nephron_epithelium	Glomerular_epithelium
4602STDY7018923___CACACTCTCACATACG	3404	1568	G	Nephron_epithelium	Glomerular_epithelium
4602STDY7090428___CTCGAGGTCTGACCTC	2530	1351	G	Nephron_epithelium	Glomerular_epithelium
4602STDY7018923___CAGCTAATCAACGAAA	985	586	G	Nephron_epithelium	Glomerular_epithelium
4602STDY7090428___AAGGAGCAGCGCTCCA	1920	1056	G	Nephron_epithelium	Glomerular_epithelium
4602STDY7090428___CCGTACTGTAGGAGTC	2391	1248	G	Nephron_epithelium	Glomerular_epithelium
4602STDY7090428___AGGCCGTGTCTAGAGG	1420	770	G	Nephron_epithelium	Glomerular_epithelium
4602STDY7090428___GCGCAGTTCAACTCTT	621	463	G	Nephron_epithelium	Glomerular_epithelium
4602STDY7018923___TTCTCCTGTTGGACCC	7544	2567	G	Nephron_epithelium	Glomerular_epithelium
4602STDY7090428___TGTGTTTGTGAAATCA	7482	2886	G	Nephron_epithelium	Glomerular_epithelium
4602STDY7018923___CAGAATCAGCTTCGCG	3913	1670	G	Nephron_epithelium	Glomerular_epithelium
4602STDY7018923___TGACGGCCAGCTGGCT	5407	2081	G	Nephron_epithelium	Glomerular_epithelium
4602STDY7018923___CAGATCAAGGAATTAC	2805	1307	G	Nephron_epithelium	Glomerular_epithelium
4602STDY7018923___CATCGAACAATGGATA	4630	1829	G	Nephron_epithelium	Glomerular_epithelium
4602STDY7018923___CATCAAGCAACTGCTA	3457	1545	G	Nephron_epithelium	Glomerular_epithelium
4602STDY7090428___AAAGTAGTCATGCAAC	2311	1264	G	Nephron_epithelium	Glomerular_epithelium
4602STDY7090428___GTAACTGCACGCTTTC	3385	1786	G	Nephron_epithelium	Glomerular_epithelium
4602STDY7018923___GAAGCAGAGTGAATTG	2962	1306	G	Nephron_epithelium	Glomerular_epithelium
4602STDY7090428___ACGCAGCCAAGAGTCG	1869	1093	G	Nephron_epithelium	Glomerular_epithelium
4602STDY6949186___TCCCGATCACCCTATC	10282	3506	G	Nephron_epithelium	Glomerular_epithelium
4602STDY7018923___GCCTCTATCAGCTTAG	8057	2607	G	Nephron_epithelium	Glomerular_epithelium
4602STDY6949188___ACGATGTAGTCATCCA	8432	3192	G	Nephron_epithelium	Glomerular_epithelium
4602STDY7018923___GCGCGATGTTTGTGTG	2213	1071	G	Nephron_epithelium	Glomerular_epithelium
4602STDY6949185___AGTGAGGGTCCGAATT	9756	3673	G	Nephron_epithelium	Glomerular_epithelium
4602STDY7018923___AAGCCGCAGGGTTTCT	1436	826	G	Nephron_epithelium	Glomerular_epithelium
4602STDY7090428___TGCCCTAAGGCTCATT	2766	1450	G	Nephron_epithelium	Glomerular_epithelium
4602STDY7018923___CACAAACAGGAGTTGC	1742	942	G	Nephron_epithelium	Glomerular_epithelium
4602STDY7018923___CGAGCCAGTCATATCG	8264	2673	G	Nephron_epithelium	Glomerular_epithelium
4602STDY7018923___CAGCTAACATGCATGT	1790	925	G	Nephron_epithelium	Glomerular_epithelium
4602STDY7090428___TAAACCGCATTGCGGC	1401	856	G	Nephron_epithelium	Glomerular_epithelium
4602STDY7090428___CGTCTACGTCAAAGCG	2643	1426	G	Nephron_epithelium	Glomerular_epithelium
4602STDY7090428___TCACAAGCAGCAGTTT	482	364	G	Nephron_epithelium	Glomerular_epithelium
4602STDY7018923___GGAGCAATCGGACAAG	5263	1995	G	Nephron_epithelium	Glomerular_epithelium
4602STDY7090428___TAAGCGTAGACGCAAC	7233	2809	G	Nephron_epithelium	Glomerular_epithelium
4602STDY7018923___TGGTTCCCACGTTGGC	3641	1506	G	Nephron_epithelium	Glomerular_epithelium
4602STDY7018923___ACATACGTCAACGCTA	10630	3187	G	Nephron_epithelium	Glomerular_epithelium
4602STDY7018923___AGTAGTCCACTACAGT	7214	2397	G	Nephron_epithelium	Glomerular_epithelium
4602STDY7018923___AGCGTATAGTTCCACA	3678	1646	G	Nephron_epithelium	Glomerular_epithelium
4602STDY7018923___GGGACCTGTGCCTGTG	1793	946	G	Nephron_epithelium	Glomerular_epithelium
4602STDY7018923___CCTAGCTCACATGGGA	4253	1838	G	Nephron_epithelium	Glomerular_epithelium
4602STDY7018923___AGAGCGATCGCCCTTA	8425	2821	G	Nephron_epithelium	Glomerular_epithelium
4602STDY7018923___GATCGCGCAATCCAAC	8650	2832	G	Nephron_epithelium	Glomerular_epithelium
4602STDY6976428___CAAGAAACAACTGCGC	304	238	G	Nephron_epithelium	Glomerular_epithelium
4602STDY7018923___CAGCTAACACTGTTAG	1990	1035	G	Nephron_epithelium	Glomerular_epithelium
4602STDY7018923___CAAGAAAAGATGTCGG	7872	2640	G	Nephron_epithelium	Glomerular_epithelium
4602STDY7018923___TGAGGGACAAATCCGT	1994	1068	G	Nephron_epithelium	Glomerular_epithelium
4602STDY7090428___CCAGCGATCTAACTGG	2846	1521	G	Nephron_epithelium	Glomerular_epithelium
4602STDY7018923___CAGAGAGCATGACGGA	3737	1559	G	Nephron_epithelium	Glomerular_epithelium
4602STDY6949195___ACTGAGTAGCCTATGT	511	387	G	Nephron_epithelium	Glomerular_epithelium
4602STDY6976428___TTGTAGGGTAATCGTC	1126	672	G	Nephron_epithelium	Glomerular_epithelium
4602STDY7090429___GCATGATTCTGTCTAT	1295	751	G	Nephron_epithelium	Glomerular_epithelium
4602STDY7090428___ACCGTAACAGGCTCAC	72844	8739	G	Nephron_epithelium	Glomerular_epithelium
4602STDY7018923___GTTCGGGTCCGAACGC	3266	1505	G	Nephron_epithelium	Glomerular_epithelium
4602STDY7018923___GGCGACTGTGATGTGG	1310	787	G	Nephron_epithelium	Glomerular_epithelium
4602STDY7018923___AGCATACTCAGAAATG	2525	1252	G	Nephron_epithelium	Glomerular_epithelium
4602STDY7018631___TTTCCTCCACCGATAT	5811	2417	G	Nephron_epithelium	Glomerular_epithelium
4602STDY7018923___CTCGAAATCTGTCTCG	1537	842	G	Nephron_epithelium	Glomerular_epithelium
4602STDY7090428___GTTAAGCTCTGCGACG	871	656	G	Nephron_epithelium	Glomerular_epithelium
4602STDY7018923___TGGACGCAGCTCCTTC	1973	1036	G	Nephron_epithelium	Glomerular_epithelium
4602STDY7018923___GGACGTCAGACTAGAT	5931	2108	G	Nephron_epithelium	Glomerular_epithelium
4602STDY7018923___TGTGGTATCTCACATT	440	327	G	Nephron_epithelium	Glomerular_epithelium
4602STDY6976427___TTAGGACTCGCATGAT	1555	884	G	Nephron_epithelium	Glomerular_epithelium
4602STDY7018923___AGCTTGAGTTCCGGCA	1878	988	G	Nephron_epithelium	Glomerular_epithelium
4602STDY7018923___GACGTGCAGTCACGCC	3945	1484	G	Nephron_epithelium	Glomerular_epithelium
4602STDY6930853___AGCGTCGTCTGATTCT	4239	1892	G	Nephron_epithelium	Glomerular_epithelium
4602STDY7018923___GCGACCAAGAATTGTG	4315	1641	G	Nephron_epithelium	Glomerular_epithelium
4602STDY7018629___CAACTAGCATGGATGG	1053	600	G	Nephron_epithelium	Glomerular_epithelium
4602STDY6976428___CCGGTAGCACTTAACG	258	221	G	Nephron_epithelium	Glomerular_epithelium
4602STDY7018923___GGCTCGACAATGAAAC	8225	2689	G	Nephron_epithelium	Glomerular_epithelium
4602STDY6949186___ATTTCTGGTCTCTCGT	8403	3291	G	Nephron_epithelium	Glomerular_epithelium
4602STDY7090428___CACACAACACTGAAGG	1312	881	G	Nephron_epithelium	Glomerular_epithelium
4602STDY7018923___GACAGAGGTAGTACCT	1296	741	G	Nephron_epithelium	Glomerular_epithelium
4602STDY7018923___ACTTTCAAGGACGAAA	2323	1042	G	Nephron_epithelium	Glomerular_epithelium
4602STDY6949180___GTCAAGTAGGACTGGT	1532	898	G	Nephron_epithelium	Glomerular_epithelium
4602STDY6949188___CGATGTATCAATAAGG	10333	3570	G	Nephron_epithelium	Glomerular_epithelium
4602STDY6949187___TCCACACGTTCACGGC	7199	3034	G	Nephron_epithelium	Glomerular_epithelium
4602STDY6976428___TTGCGTCAGAGCTGCA	1375	847	G	Nephron_epithelium	Glomerular_epithelium
4602STDY7090428___AATCCAGTCCCAACGG	805	538	G	Nephron_epithelium	Glomerular_epithelium
4602STDY6976428___TCAATCTCAGTCTTCC	442	313	G	Nephron_epithelium	Glomerular_epithelium
4602STDY6976427___GGGACCTGTCCTAGCG	1861	1082	G	Nephron_epithelium	Glomerular_epithelium
4602STDY7090428___ATGTGTGCATATGAGA	7401	2742	G	Nephron_epithelium	Glomerular_epithelium
4602STDY7090428___GGGTCTGGTTGTCGCG	11106	3706	G	Nephron_epithelium	Glomerular_epithelium
4602STDY7018923___GTTCATTTCTGCGACG	4835	1736	G	Nephron_epithelium	Glomerular_epithelium
4602STDY7018923___TGGCGCACACGGCCAT	1419	830	G	Nephron_epithelium	Glomerular_epithelium
4602STDY7090428___GACGTTAAGTACCGGA	522	393	G	Nephron_epithelium	Glomerular_epithelium
4602STDY7018923___CAACCTCGTGAAGGCT	2045	1019	G	Nephron_epithelium	Glomerular_epithelium
4602STDY7018923___CGTTAGATCGGAGGTA	941	559	G	Nephron_epithelium	Glomerular_epithelium
4602STDY7018923___GCCAAATTCGGACAAG	1879	994	G	Nephron_epithelium	Glomerular_epithelium
4602STDY7018923___GTAGTCACAATAACGA	1328	829	G	Nephron_epithelium	Glomerular_epithelium
4602STDY6949185___TTAACTCGTTGTTTGG	5089	2331	G	Nephron_epithelium	Glomerular_epithelium
4602STDY7090428___GCAATCAAGTGGAGAA	8946	3292	G	Nephron_epithelium	Glomerular_epithelium
4602STDY7090428___CCTTACGGTTAGTGGG	2235	1227	G	Nephron_epithelium	Glomerular_epithelium
4602STDY7090428___AATCGGTGTGGTGTAG	1152	715	G	Nephron_epithelium	Glomerular_epithelium
4602STDY7018923___GTGCGGTCACGCTTTC	2774	1324	G	Nephron_epithelium	Glomerular_epithelium
4602STDY7090428___GATCAGTGTAAGTTCC	75424	9126	G	Nephron_epithelium	Glomerular_epithelium
4602STDY7090428___ACGATGTGTGCATCTA	8390	3069	G	Nephron_epithelium	Glomerular_epithelium
4602STDY7090428___TCAGGTAAGCTAGGCA	5833	2375	G	Nephron_epithelium	Glomerular_epithelium
4602STDY6976426___GCATACAGTATGGTTC	1564	913	G	Nephron_epithelium	Glomerular_epithelium
4602STDY7018923___AGCTTGATCAATCACG	1838	997	G	Nephron_epithelium	Glomerular_epithelium
4602STDY6976426___AACTTTCAGTTGAGTA	877	548	G	Nephron_epithelium	Glomerular_epithelium
4602STDY7018631___GATGAGGGTAGCACGA	1099	732	G	Nephron_epithelium	Glomerular_epithelium
4602STDY6930853___ACGGGTCAGTCGATAA	2200	1131	G	Nephron_epithelium	Glomerular_epithelium
4602STDY7090428___ATGAGGGGTTCACGGC	9367	3288	G	Nephron_epithelium	Glomerular_epithelium
4602STDY7018923___TCAGCAAAGCCCGAAA	906	568	G	Nephron_epithelium	Glomerular_epithelium
4602STDY7018923___GTACTTTGTCATATGC	1539	812	G	Nephron_epithelium	Glomerular_epithelium
4602STDY7090428___CGACCTTGTCAGAGGT	28914	5717	G	Nephron_epithelium	Glomerular_epithelium
4602STDY6976428___CTTCTCTGTGCAGTAG	597	410	G	Nephron_epithelium	Glomerular_epithelium
4602STDY7018924___CGATGGCCAGCAGTTT	3113	1636	G	Nephron_epithelium	Glomerular_epithelium
4602STDY7018923___TGGCGCACATCACGAT	4957	1880	G	Nephron_epithelium	Glomerular_epithelium
4602STDY7090428___GGGATGATCACTCCTG	9055	3302	G	Nephron_epithelium	Glomerular_epithelium
4602STDY7018923___CTTTGCGAGGGATCTG	6343	2386	G	Nephron_epithelium	Glomerular_epithelium
4602STDY7018923___TGGACGCGTCAAACTC	8321	2726	G	Nephron_epithelium	Glomerular_epithelium
4602STDY7018923___ACAGCTAAGACCCACC	3487	1576	G	Nephron_epithelium	Glomerular_epithelium
4602STDY7090428___TGACTTTTCTCAAGTG	1803	1079	G	Nephron_epithelium	Glomerular_epithelium
4602STDY7018923___CCTCAGTGTAATCGTC	8331	2626	G	Nephron_epithelium	Glomerular_epithelium
4602STDY7018923___CAGCATATCAGTTCGA	7396	2546	G	Nephron_epithelium	Glomerular_epithelium
4602STDY7018923___AAGGAGCAGAAGGTGA	1940	991	G	Nephron_epithelium	Glomerular_epithelium
4602STDY7018923___CTTTGCGCACGGATAG	2034	1082	G	Nephron_epithelium	Glomerular_epithelium
4602STDY7018923___AAGTCTGGTCTTGTCC	1792	949	G	Nephron_epithelium	Glomerular_epithelium
4602STDY7018923___GGAGCAATCCGGGTGT	2085	1072	G	Nephron_epithelium	Glomerular_epithelium
4602STDY7018923___AATCGGTAGCTGCCCA	2113	1187	G	Nephron_epithelium	Glomerular_epithelium
4602STDY7018924___CAACTAGTCACATGCA	4740	2169	G	Nephron_epithelium	Glomerular_epithelium
4602STDY7018923___ACAGCTATCGTTACAG	1734	935	G	Nephron_epithelium	Glomerular_epithelium
4602STDY7018923___TCAGGTACATCCTAGA	1711	972	G	Nephron_epithelium	Glomerular_epithelium
4602STDY6976428___CCCTCCTAGGCCCGTT	3901	1958	G	Nephron_epithelium	Glomerular_epithelium
4602STDY7018923___AAGTCTGTCTTTACGT	8084	2641	G	Nephron_epithelium	Glomerular_epithelium
4602STDY6949192___GGATGTTGTTATCGGT	4304	1780	8T	CD8 T cell	-
4602STDY6949195___TCGAGGCCAGACGCCT	4675	1723	8T	CD8 T cell	-
4602STDY6976427___TGTGGTATCTCTTGAT	3193	1312	8T	CD8 T cell	-
4602STDY6949195___TTTGCGCCATCTCGCT	4434	1868	8T	CD8 T cell	-
4602STDY6949192___GGATGTTAGTTCCACA	4177	1773	8T	CD8 T cell	-
4602STDY6976428___CTGATCCAGCTGCAAG	4170	1653	8T	CD8 T cell	-
4602STDY6949195___GAATAAGGTCATTAGC	4153	1726	8T	CD8 T cell	-
4602STDY6949195___ATTGGTGCAGATGAGC	5238	2089	8T	CD8 T cell	-
4602STDY6949192___GCTTCCACAAGCCCAC	4111	1701	8T	CD8 T cell	-
4602STDY6949192___ATCTGCCTCTTGTATC	4347	1781	8T	CD8 T cell	-
4602STDY6949179___ATTGGTGCATGCCTAA	3354	1514	8T	CD8 T cell	-
4602STDY6949192___TTGAACGGTAGCCTAT	4239	1666	8T	CD8 T cell	-
4602STDY7018631___ACACCCTAGCCCTAAT	3473	1198	8T	CD8 T cell	-
4602STDY6949192___TTGCCGTTCACAGTAC	6794	2331	8T	CD8 T cell	-
4602STDY6949195___ACCAGTAAGTTCGCAT	5200	2004	8T	CD8 T cell	-
4602STDY6949180___TAGTTGGAGTGAAGTT	3383	1398	8T	CD8 T cell	-
4602STDY6949181___CTGTGCTTCAAGGTAA	2672	1290	8T	CD8 T cell	-
4602STDY6949195___GAACGGAAGCCATCGC	3942	1589	8T	CD8 T cell	-
4602STDY6949195___AGTGAGGGTTAAAGTG	4645	1815	8T	CD8 T cell	-
4602STDY7018631___AGCTTGAAGTACGATA	2956	1199	8T	CD8 T cell	-
4602STDY6949195___AACTGGTTCTTGCATT	4409	1843	8T	CD8 T cell	-
4602STDY6976428___AACCATGAGACAAAGG	6782	2231	8T	CD8 T cell	-
4602STDY6949195___CGAGAAGCAGACTCGC	4324	1812	8T	CD8 T cell	-
4602STDY6949192___CAGTCCTAGATGCCAG	3554	1577	8T	CD8 T cell	-
4602STDY6976427___CACAGTAAGTACGCCC	3513	1539	8T	CD8 T cell	-
4602STDY7018924___CTTAGGAGTTACTGAC	4534	1916	8T	CD8 T cell	-
4602STDY6949192___CCTTCGACAGCTGCTG	4474	1770	8T	CD8 T cell	-
4602STDY6949187___GGGAATGTCTGCCCTA	3418	1437	8T	CD8 T cell	-
4602STDY6949181___CTACCCACAGACACTT	2250	1176	8T	CD8 T cell	-
4602STDY6949192___TCGTAGAAGAAGGGTA	3279	1385	8T	CD8 T cell	-
4602STDY6949192___TTGTAGGTCGAACGGA	4209	1775	8T	CD8 T cell	-
4602STDY6949195___GTCAAGTCAAGTCTAC	5412	2158	8T	CD8 T cell	-
4602STDY6949195___GTTAAGCAGTATGACA	6024	2243	8T	CD8 T cell	-
4602STDY6976427___GTCGGGTGTCCCGACA	3312	1321	8T	CD8 T cell	-
4602STDY6949192___CAGCATACAATTGCTG	994	651	8T	CD8 T cell	-
4602STDY7018631___TGTTCCGTCCGTTGCT	2290	944	8T	CD8 T cell	-
4602STDY6949195___ATTGGTGTCCCTCTTT	4110	1595	8T	CD8 T cell	-
4602STDY6949195___ACATCAGCAAGACACG	4376	1817	8T	CD8 T cell	-
4602STDY6949192___ACCAGTAAGACTAGGC	4086	1684	8T	CD8 T cell	-
4602STDY6976427___ATCTGCCCAGACAGGT	2754	1211	8T	CD8 T cell	-
4602STDY6949179___TGAGCCGTCTGGTTCC	4011	1788	8T	CD8 T cell	-
4602STDY7090428___TGATTTCTCAGAGACG	6506	2409	8T	CD8 T cell	-
4602STDY6949181___TGGCGCAAGGTTACCT	2091	1109	8T	CD8 T cell	-
4602STDY6976426___GTCACGGCACATTAGC	2078	975	8T	CD8 T cell	-
4602STDY6949195___GTCACAAAGCTAGTTC	4075	1600	8T	CD8 T cell	-
4602STDY6949192___TCGCGAGAGCGAAGGG	3415	1539	8T	CD8 T cell	-
4602STDY7018631___GTTACAGCAGACACTT	3177	1286	8T	CD8 T cell	-
4602STDY6949195___AAAGCAAGTGGCAAAC	3347	1479	8T	CD8 T cell	-
4602STDY7018628___CAAGGCCTCCCAGGTG	19342	3794	8T	CD8 T cell	-
4602STDY7018924___TCTCTAACAATGGTCT	2368	1187	8T	CD8 T cell	-
4602STDY6949192___TGGCTGGCATGTTCCC	6335	2271	8T	CD8 T cell	-
4602STDY6949192___CTCTACGCAGACGCAA	3302	1487	8T	CD8 T cell	-
4602STDY6949195___CGCTTCAGTGTAACGG	3792	1594	8T	CD8 T cell	-
4602STDY6949192___CAAGGCCTCGTCCGTT	4718	1757	8T	CD8 T cell	-
4602STDY6949178___GCATACAAGGAGTAGA	2948	1380	8T	CD8 T cell	-
4602STDY6976428___GACGTGCAGCGTAGTG	3869	1547	8T	CD8 T cell	-
4602STDY6949195___GTCATTTAGATGTGTA	3279	1455	8T	CD8 T cell	-
4602STDY7018631___CATCCACGTAATTGGA	3782	1384	8T	CD8 T cell	-
4602STDY6949195___ATTTCTGCACATCCGG	3780	1650	8T	CD8 T cell	-
4602STDY6976426___CAAGGCCCATGCCACG	4131	1494	8T	CD8 T cell	-
4602STDY6949192___TACGGTATCTGCGGCA	3714	1583	8T	CD8 T cell	-
4602STDY6949192___GCGGGTTTCGGCGGTT	2211	1115	8T	CD8 T cell	-
4602STDY6976428___GAAGCAGGTTTGTTGG	3429	1363	8T	CD8 T cell	-
4602STDY6949192___AGCTTGACACTCTGTC	7010	2416	8T	CD8 T cell	-
4602STDY6949192___TGACGGCCAAAGAATC	6986	2284	8T	CD8 T cell	-
4602STDY6949195___GCGGGTTAGGCAGTCA	5704	2076	8T	CD8 T cell	-
4602STDY7018631___CCACGGAAGGAGCGTT	3182	1128	8T	CD8 T cell	-
4602STDY6949195___TCCCGATTCAGCGACC	4899	1916	8T	CD8 T cell	-
4602STDY6949195___TTCTCAAGTTATCGGT	4730	1864	8T	CD8 T cell	-
4602STDY6976427___CCTCTGAGTGTAAGTA	3696	1435	8T	CD8 T cell	-
4602STDY6949192___TCAGGTAAGCGCTCCA	4358	1808	8T	CD8 T cell	-
4602STDY6949192___CCTTTCTGTATAGTAG	5506	2146	8T	CD8 T cell	-
4602STDY6949195___TGGCCAGAGGCTAGAC	3638	1429	8T	CD8 T cell	-
4602STDY6949195___CTCGTCAAGAACAATC	3651	1585	8T	CD8 T cell	-
4602STDY6949192___GATGAAAAGAGTACCG	4154	1656	8T	CD8 T cell	-
4602STDY6976426___GCTGCAGGTACACCGC	5156	1926	8T	CD8 T cell	-
4602STDY7090428___GTCATTTGTGCAACGA	12081	3454	8T	CD8 T cell	-
4602STDY7090428___TTGCCGTTCTTCGGTC	5603	2091	8T	CD8 T cell	-
4602STDY6949195___GTTCATTTCCGCAGTG	4689	1901	8T	CD8 T cell	-
4602STDY6976426___GTCCTCAAGCCGCCTA	3029	1437	8T	CD8 T cell	-
4602STDY6930853___GCGACCATCCGTTGCT	2460	1042	8T	CD8 T cell	-
4602STDY6949192___GGTGCGTCATGCCTAA	3863	1614	8T	CD8 T cell	-
4602STDY6949195___GTCATTTTCAACTCTT	4559	1908	8T	CD8 T cell	-
4602STDY6976427___GCATGATAGGCAAAGA	4495	1641	8T	CD8 T cell	-
4602STDY6949192___TGCCCTAGTACCGCTG	6610	2242	8T	CD8 T cell	-
4602STDY7018631___CTTCTCTTCATCATTC	3382	1393	8T	CD8 T cell	-
4602STDY6949195___CACATTTGTGCACGAA	4052	1654	8T	CD8 T cell	-
4602STDY6949192___GAGCAGATCACCATAG	3884	1643	8T	CD8 T cell	-
4602STDY7018631___CGAATGTAGCGACGTA	3072	1217	8T	CD8 T cell	-
4602STDY6949195___CATCAAGGTTACGCGC	3844	1631	8T	CD8 T cell	-
4602STDY6949178___TAGCCGGAGCATCATC	3367	1432	8T	CD8 T cell	-
4602STDY6949195___TCTCTAAGTTTGTTTC	4528	1985	8T	CD8 T cell	-
4602STDY6949192___AGAATAGTCAACACCA	4250	1751	8T	CD8 T cell	-
4602STDY7018631___TTCCCAGAGCTATGCT	1883	928	8T	CD8 T cell	-
4602STDY6976428___ATTCTACTCTTGACGA	4881	1822	8T	CD8 T cell	-
4602STDY6949180___CACACAATCCACGAAT	4432	1752	8T	CD8 T cell	-
4602STDY6949181___CCTATTACATCGATGT	3580	1579	8T	CD8 T cell	-
4602STDY6949181___CGGTTAAGTAAACACA	2479	1147	8T	CD8 T cell	-
4602STDY6949192___AACCATGCATGTCCTC	3777	1589	8T	CD8 T cell	-
4602STDY6949192___GTTCTCGTCACGATGT	3875	1634	8T	CD8 T cell	-
4602STDY7018631___TCTGAGATCAGATAAG	3953	1377	8T	CD8 T cell	-
4602STDY7090428___GTCACGGTCCATTCTA	7689	2558	8T	CD8 T cell	-
4602STDY6949192___GACCAATGTCGTTGTA	4971	1913	8T	CD8 T cell	-
4602STDY6949192___CCCAATCGTCTAGTCA	5079	1947	8T	CD8 T cell	-
4602STDY6949181___CAGTAACGTCCAGTAT	2809	1218	8T	CD8 T cell	-
4602STDY6949184___AGAGCGACAAACCCAT	2986	1179	8T	CD8 T cell	-
4602STDY6976427___GCACATATCGCCAAAT	1560	826	8T	CD8 T cell	-
4602STDY6930853___TGACGGCCACGGTAGA	3758	1337	8T	CD8 T cell	-
4602STDY6949192___CTCAGAAAGTCGAGTG	2508	1282	8T	CD8 T cell	-
4602STDY6949192___TAAACCGTCGACCAGC	5727	2331	8T	CD8 T cell	-
4602STDY6949192___ACACCCTGTATCACCA	3534	1509	8T	CD8 T cell	-
4602STDY6949192___TCAACGAAGACAGGCT	3473	1386	8T	CD8 T cell	-
4602STDY6949192___GTAGTCACAATGGACG	5394	1928	8T	CD8 T cell	-
4602STDY6949195___AGAATAGGTACAGACG	3046	1357	8T	CD8 T cell	-
4602STDY6949192___CCTAGCTAGAGTGAGA	3954	1618	8T	CD8 T cell	-
4602STDY6976428___TGCCCTACACTTCTGC	3555	1389	8T	CD8 T cell	-
4602STDY6976427___GACTAACAGCGATAGC	1013	616	8T	CD8 T cell	-
4602STDY6976427___AGTTGGTAGGATGCGT	2848	1293	8T	CD8 T cell	-
4602STDY7018631___CACAGTAAGTGCTGCC	2398	991	8T	CD8 T cell	-
4602STDY6949180___TGAGAGGAGTCAAGGC	3317	1334	8T	CD8 T cell	-
4602STDY6949178___TGGCCAGCAGGACCCT	3998	1601	8T	CD8 T cell	-
4602STDY6930856___AGGCCACTCCAACCAA	4011	1709	8T	CD8 T cell	-
4602STDY6976427___CGAATGTTCAGGCCCA	3010	1309	8T	CD8 T cell	-
4602STDY6976427___AACTGGTGTACTCGCG	3814	1479	8T	CD8 T cell	-
4602STDY6949195___CATGACATCGTCACGG	3678	1602	8T	CD8 T cell	-
4602STDY7018924___TACGGTAGTCTCCACT	1572	1015	8T	CD8 T cell	-
4602STDY6949195___CGTCTACAGATCGATA	3986	1680	8T	CD8 T cell	-
4602STDY6976428___TCGGGACTCTTAACCT	2986	1292	8T	CD8 T cell	-
4602STDY6949195___TGACTAGCAACGCACC	4881	1848	8T	CD8 T cell	-
4602STDY6976428___TACAGTGGTCAACATC	3884	1620	8T	CD8 T cell	-
4602STDY6949195___GTTTCTACACCAACCG	3515	1493	8T	CD8 T cell	-
4602STDY6930852___CGCTATCGTTACGCGC	3130	1169	8T	CD8 T cell	-
4602STDY6949192___AACTGGTAGTACTTGC	2496	1179	8T	CD8 T cell	-
4602STDY6949192___CCCATACGTGACAAAT	4840	1814	8T	CD8 T cell	-
4602STDY6976428___ACATCAGTCAATCACG	4448	1695	8T	CD8 T cell	-
4602STDY6949192___CGTGTAAGTCTGCAAT	2654	1178	8T	CD8 T cell	-
4602STDY6949195___TACAGTGCAGGGATTG	3706	1630	8T	CD8 T cell	-
4602STDY6949192___AGGTCATCACCATGTA	4583	1865	8T	CD8 T cell	-
4602STDY6949192___GAAGCAGAGTAAGTAC	4327	1595	8T	CD8 T cell	-
4602STDY6949192___TGATTTCTCACGGTTA	5244	2040	8T	CD8 T cell	-
4602STDY6949192___AATCCAGCAAATACAG	4231	1723	8T	CD8 T cell	-
4602STDY7018629___TTCGGTCTCTGTACGA	3619	1392	8T	CD8 T cell	-
4602STDY6976426___CGATGGCAGGATGCGT	3556	1519	8T	CD8 T cell	-
4602STDY6949195___TACTCATCAGCGTAAG	4644	1946	8T	CD8 T cell	-
4602STDY6976428___CACAGGCGTCAAACTC	4042	1565	8T	CD8 T cell	-
4602STDY6949195___CACTCCAGTTCTGTTT	4528	1790	8T	CD8 T cell	-
4602STDY6949180___GAACGGACACCTTGTC	3157	1311	8T	CD8 T cell	-
4602STDY6949180___CTGGTCTAGACAGAGA	4580	1795	8T	CD8 T cell	-
4602STDY6949195___TAAGCGTTCCGCGTTT	3709	1560	8T	CD8 T cell	-
4602STDY6949195___TGGCTGGAGATTACCC	4867	1925	8T	CD8 T cell	-
4602STDY6949192___TGACTAGAGAGTAATC	3706	1645	8T	CD8 T cell	-
4602STDY6930853___TACACGACAGTCGTGC	3075	1185	8T	CD8 T cell	-
4602STDY6949192___AAGCCGCTCTACCTGC	6445	2131	8T	CD8 T cell	-
4602STDY6949195___TGTATTCAGAGCTTCT	5202	1954	8T	CD8 T cell	-
4602STDY6976427___GGTGTTATCATCACCC	3254	1363	8T	CD8 T cell	-
4602STDY7090428___GCTGCGATCAGTCCCT	2855	1135	MNP1	MNP1	-
4602STDY6949192___CGATCGGCAAACTGCT	12000	2868	MNP1	MNP1	-
4602STDY6930853___ACGGCCAAGATGCCTT	4546	1381	MNP1	MNP1	-
4602STDY6949195___GTCAAGTAGGCCCGTT	5165	1466	MNP1	MNP1	-
4602STDY6949192___TCAGGTAAGGATCGCA	4960	1611	MNP1	MNP1	-
4602STDY7018628___TAAACCGTCACATAGC	3554	1266	MNP1	MNP1	-
4602STDY6949188___TTGACTTGTTCCATGA	1937	906	MNP1	MNP1	-
4602STDY6949178___ACGAGGAAGGAGTACC	8026	2174	MNP1	MNP1	-
4602STDY6949188___TGCCCATTCAGGTAAA	5876	1759	MNP1	MNP1	-
4602STDY6976426___AGGCCGTTCACGCGGT	8215	2451	MNP1	MNP1	-
4602STDY6930852___GTAACGTGTATTACCG	7029	1919	MNP1	MNP1	-
4602STDY6949181___CTACACCTCCAAGTAC	11977	3088	MNP1	MNP1	-
4602STDY6949184___TCTCATATCAGCTTAG	7900	2212	MNP1	MNP1	-
4602STDY6949178___AGATCTGCATTTGCTT	5838	1892	MNP1	MNP1	-
4602STDY6930856___CCTCAGTGTATATGGA	5931	1840	MNP1	MNP1	-
4602STDY6930857___CGTCACTCATGGTCTA	9092	2165	MNP1	MNP1	-
4602STDY6949188___GCCTCTACATCTCGCT	7243	2106	MNP1	MNP1	-
4602STDY6949181___CCTTTCTTCAGGTAAA	6348	2012	MNP1	MNP1	-
4602STDY6949178___AGATCTGGTGTGACGA	2988	1345	MNP1	MNP1	-
4602STDY6949181___CGAGAAGGTAAGGGAA	8414	2453	MNP1	MNP1	-
4602STDY6949180___CGGAGCTGTCAGAGGT	6223	1913	MNP1	MNP1	-
4602STDY6949181___CGTCTACCAGGTCCAC	2561	1169	MNP1	MNP1	-
4602STDY6949192___CACAGTAGTCAAAGCG	10099	2440	MNP1	MNP1	-
4602STDY6930852___GTAACGTTCAGGTAAA	10511	2285	MNP1	MNP1	-
4602STDY6930853___CGTCAGGTCACTTCAT	3422	1374	MNP1	MNP1	-
4602STDY6949178___AGCGGTCAGCGATGAC	8430	2141	MNP1	MNP1	-
4602STDY6930852___CCGTGGATCACCACCT	4762	1518	MNP1	MNP1	-
4602STDY6976428___CATCCACTCAGGCGAA	4742	1592	MNP1	MNP1	-
4602STDY6949195___GGTGCGTAGCTCTCGG	7077	1896	MNP1	MNP1	-
4602STDY6976426___CGGAGCTTCTTGCAAG	4137	1555	MNP1	MNP1	-
4602STDY6949195___GGGTTGCTCAGGTAAA	3396	1256	MNP1	MNP1	-
4602STDY6949187___TCGTACCCATGCCTTC	6160	1801	MNP1	MNP1	-
4602STDY6949195___AGGGAGTAGTGTACGG	7043	1892	MNP1	MNP1	-
4602STDY6949195___CGACTTCGTGTGCCTG	5597	1710	MNP1	MNP1	-
4602STDY6930852___CATGGCGCAGCTGTTA	5892	1800	MNP1	MNP1	-
4602STDY6949192___ACGGCCACACTGAAGG	7684	2235	MNP1	MNP1	-
4602STDY6976426___TAGGCATTCAAAGACA	5025	1793	MNP1	MNP1	-
4602STDY6930853___ATAGACCAGACTTGAA	7576	2091	MNP1	MNP1	-
4602STDY6949188___TTCGGTCGTAGCTGCC	3531	1163	MNP1	MNP1	-
4602STDY6949178___TCAGATGTCATTGCCC	8544	2272	MNP1	MNP1	-
4602STDY6976428___CATGACATCCACTGGG	9192	2250	MNP1	MNP1	-
4602STDY6949188___GTGAAGGTCGGACAAG	4651	1540	MNP1	MNP1	-
4602STDY6949192___TCACAAGGTAGAGCTG	12689	3068	MNP1	MNP1	-
4602STDY6949180___CCGTTCAAGAACTGTA	5211	1830	MNP1	MNP1	-
4602STDY6949195___AGGGAGTGTCCGAATT	9114	2573	MNP1	MNP1	-
4602STDY6930853___ACCAGTAGTTACAGAA	1332	597	MNP1	MNP1	-
4602STDY6930853___GCATGATGTACATGTC	8767	2280	MNP1	MNP1	-
4602STDY6949192___CATGGCGTCCATGAAC	15543	3155	MNP1	MNP1	-
4602STDY6949179___CTCAGAAAGAAACGAG	9681	2435	MNP1	MNP1	-
4602STDY6949179___GTTCGGGTCGCGCCAA	4275	1412	MNP1	MNP1	-
4602STDY6949195___AGGGATGAGAGATGAG	9352	2414	MNP1	MNP1	-
4602STDY6930857___CTACCCATCACGACTA	5097	1649	MNP1	MNP1	-
4602STDY6949180___CTAATGGTCCCAGGTG	10868	2893	MNP1	MNP1	-
4602STDY6949178___ACGCCGAAGCGTAGTG	8768	2454	MNP1	MNP1	-
4602STDY6976428___CATGACACAGCTGCTG	3845	1379	MNP1	MNP1	-
4602STDY6949192___TCGCGAGCAATACGCT	3656	1320	MNP1	MNP1	-
4602STDY6949192___CAGAGAGCAGTCGATT	8278	2229	MNP1	MNP1	-
4602STDY6949178___CCACTACTCCTAGTGA	706	420	MNP1	MNP1	-
4602STDY6930853___GCAGTTAAGTGGGATC	19554	3441	MNP1	MNP1	-
4602STDY6949192___TCACAAGTCTGGTTCC	6074	1844	MNP1	MNP1	-
4602STDY6949192___ACGCCGATCATAAAGG	5679	1754	MNP1	MNP1	-
4602STDY6949181___ACCGTAACATTGGTAC	5052	1597	MNP1	MNP1	-
4602STDY6949192___GTCCTCAAGTGTCCCG	2982	1146	MNP1	MNP1	-
4602STDY6949184___TACGGTACAGACGCTC	5305	1731	MNP1	MNP1	-
4602STDY7090428___ATTATCCAGGCTAGCA	1955	859	MNP1	MNP1	-
4602STDY6949179___TAAGTGCGTTACGGAG	1921	1009	MNP1	MNP1	-
4602STDY6976428___ATTGGACCATCCTAGA	9017	2506	MNP1	MNP1	-
4602STDY6949195___GACGTGCGTATGAAAC	930	490	MNP1	MNP1	-
4602STDY6930852___GGCGTGTCAGCGTCCA	7738	2123	MNP1	MNP1	-
4602STDY6949188___CCTTACGAGCCAGTTT	6690	2166	MNP1	MNP1	-
4602STDY6949195___TCTCATAAGACAGACC	17392	4054	MNP1	MNP1	-
4602STDY6949195___AGGCCACCATGAACCT	7461	2405	MNP1	MNP1	-
4602STDY6930853___CGATTGAAGACTCGGA	2799	1079	MNP1	MNP1	-
4602STDY6949178___CCCAATCAGCGATATA	7813	2217	MNP1	MNP1	-
4602STDY6930853___GCAGTTATCGCTTGTC	8966	2407	MNP1	MNP1	-
4602STDY6949178___GGGAATGAGTAGCCGA	4011	1518	MNP1	MNP1	-
4602STDY6930853___AGTCTTTCATATGCTG	6345	1826	MNP1	MNP1	-
4602STDY6949180___TCAATCTAGGTAAACT	12475	3207	MNP1	MNP1	-
4602STDY6949195___TTTACTGCAAACTGCT	6328	1843	MNP1	MNP1	-
4602STDY6949195___ATGTGTGCAAGGACAC	2101	889	MNP1	MNP1	-
4602STDY6930853___TGTCCCAAGCGATAGC	2954	1083	MNP1	MNP1	-
4602STDY6949179___TCGTAGAAGAGTAAGG	4141	1609	MNP1	MNP1	-
4602STDY6949195___ATCATGGGTAGCGCTC	7971	2264	MNP1	MNP1	-
4602STDY6949192___ACATGGTTCAGTTAGC	9231	2571	MNP1	MNP1	-
4602STDY6976427___ACGAGGAGTCAGTGGA	2788	1157	MNP1	MNP1	-
4602STDY6930852___TAGGCATGTAAATGTG	9735	2362	MNP1	MNP1	-
4602STDY6949195___GATCGATCAGTACACT	12185	2793	MNP1	MNP1	-
4602STDY6949192___CACTCCAGTCATGCAT	12308	2935	MNP1	MNP1	-
4602STDY6949192___CATATTCAGAAGAAGC	4304	1669	MNP1	MNP1	-
4602STDY6949195___CCTCAGTTCGTACCGG	3960	1375	MNP1	MNP1	-
4602STDY7018924___CAAGTTGAGAATGTGT	17684	4021	MNP1	MNP1	-
4602STDY6949192___TTGCGTCAGTTGCAGG	2700	1053	MNP1	MNP1	-
4602STDY6949192___ACTGAGTGTCTTTCAT	8325	2133	MNP1	MNP1	-
4602STDY6930852___ACGATACTCCAATGGT	1318	627	MNP1	MNP1	-
4602STDY6949187___TACGGATGTGCAACTT	6544	1844	MNP1	MNP1	-
4602STDY6949179___AGCCTAATCTAGAGTC	6500	1963	MNP1	MNP1	-
4602STDY6949195___ATCTACTGTAATCGTC	2764	1016	MNP1	MNP1	-
4602STDY6930857___ATTGGTGCAATGGACG	1858	868	MNP1	MNP1	-
4602STDY6930852___ATTGGTGGTAGCACGA	5476	1684	MNP1	MNP1	-
4602STDY6949188___CAAGGCCCACGCTTTC	1011	542	MNP1	MNP1	-
4602STDY6930852___TGCCAAACACAAGCCC	2311	913	MNP1	MNP1	-
4602STDY7018924___CGTCTACAGTTACGGG	8286	2555	MNP1	MNP1	-
4602STDY6949189___ACGGGTCTCGTTGACA	3383	1284	MNP1	MNP1	-
4602STDY6949178___GGGCATCCAGCTGGCT	7144	2334	MNP1	MNP1	-
4602STDY6976427___CTACGTCCAGTCACTA	6135	1876	MNP1	MNP1	-
4602STDY6949192___GGAGCAAGTTCCAACA	8691	2509	MNP1	MNP1	-
4602STDY6949181___AGAGCTTGTTCCACAA	7303	2182	MNP1	MNP1	-
4602STDY6949195___AAAGATGGTGTGAAAT	8222	2214	MNP1	MNP1	-
4602STDY6949181___TCTTCGGCACACGCTG	1619	785	MNP1	MNP1	-
4602STDY6949192___CCGTGGACACATGGGA	2255	936	MNP1	MNP1	-
4602STDY6949195___GATCAGTTCAAGGTAA	4401	1470	MNP1	MNP1	-
4602STDY6949195___CCGGTAGTCGAATCCA	7381	2214	MNP1	MNP1	-
4602STDY6949180___AACTGGTAGGAGTACC	7249	2205	MNP1	MNP1	-
4602STDY6976426___TCAGGATAGCTAAACA	7031	1964	MNP1	MNP1	-
4602STDY6930853___TTCGAAGGTTGAACTC	5372	1743	MNP1	MNP1	-
4602STDY6949187___GAAATGACATATACCG	8328	2328	MNP1	MNP1	-
4602STDY6930853___GCAGCCATCTTCAACT	9158	2298	MNP1	MNP1	-
4602STDY6930852___GCATGTAAGTGGACGT	7743	2012	MNP1	MNP1	-
4602STDY6949184___TCTGAGACACTTGGAT	2594	1008	MNP1	MNP1	-
4602STDY6976426___CAGGTGCAGTACGTAA	1342	734	MNP1	MNP1	-
4602STDY6930853___GCACTCTCATGGTCTA	7729	2106	MNP1	MNP1	-
4602STDY7090428___CGTCACTTCTTTAGGG	20504	4361	MNP1	MNP1	-
4602STDY6949178___GTCAAGTGTTTGGCGC	3766	1490	MNP1	MNP1	-
4602STDY6949192___CAAGAAAGTCGAAAGC	9030	2112	MNP1	MNP1	-
4602STDY6949192___AGAGCGAGTACTCGCG	3338	1254	MNP1	MNP1	-
4602STDY6976427___CTACACCTCAACACGT	10899	2626	MNP1	MNP1	-
4602STDY6949178___CATTCGCAGGCTACGA	7614	2328	MNP1	MNP1	-
4602STDY6949188___AGCATACCATAGACTC	6729	1833	MNP1	MNP1	-
4602STDY6949195___ACATCAGCATCCAACA	6718	1878	MNP1	MNP1	-
4602STDY6930852___CACAAACGTCCAGTAT	5761	1681	MNP1	MNP1	-
4602STDY7090428___TAGTGGTGTTGAGTTC	10638	2950	MNP1	MNP1	-
4602STDY6949195___TTTACTGCACCCATTC	11043	3012	MNP1	MNP1	-
4602STDY6949178___TCTTTCCTCTGATTCT	2469	1079	MNP1	MNP1	-
4602STDY6949192___CATCGAATCTCGGACG	5900	1831	MNP1	MNP1	-
4602STDY6930852___GCGGGTTTCGTTGCCT	4499	1383	MNP1	MNP1	-
4602STDY7018629___CGTGTAACACATGACT	13325	2687	MNP1	MNP1	-
4602STDY6976428___ATTACTCTCTACTATC	2395	1113	MNP1	MNP1	-
4602STDY6930852___TTTGCGCTCTAACCGA	6613	1872	MNP1	MNP1	-
4602STDY6930852___GCAGTTAAGATGGCGT	7409	2052	MNP1	MNP1	-
4602STDY6976427___GATCGTAAGAGCCTAG	6831	1869	MNP1	MNP1	-
4602STDY6949195___AAGTCTGGTCGGCTCA	3124	1124	MNP1	MNP1	-
4602STDY6976427___CCATTCGGTCGACTGC	5313	1693	MNP1	MNP1	-
4602STDY6949178___GCTCCTAGTCTCCACT	7976	2359	MNP1	MNP1	-
4602STDY6930853___CGTCCATGTGAACCTT	9182	2268	MNP1	MNP1	-
4602STDY6949187___GTCACGGCAGACTCGC	3454	1285	MNP1	MNP1	-
4602STDY6949178___GGCCGATGTAGGACAC	6489	2030	MNP1	MNP1	-
4602STDY6949192___CTGATCCGTTGAGGTG	8691	2499	MNP1	MNP1	-
4602STDY6930852___ACGGAGACACTGTTAG	6393	1885	MNP1	MNP1	-
4602STDY6949185___TCATTTGAGAATTGTG	8865	2281	MNP1	MNP1	-
4602STDY6949192___CCGTTCACAGCCTATA	17248	3800	MNP1	MNP1	-
4602STDY6949179___ACGGGCTTCCCAACGG	4287	1524	MNP1	MNP1	-
4602STDY7018629___CAGTCCTAGTGTACCT	3298	1199	MNP1	MNP1	-
4602STDY6949192___GTTACAGTCCTCGCAT	4638	1649	MNP1	MNP1	-
4602STDY6949181___CAGATCACAGTCGTGC	13972	3150	MNP1	MNP1	-
4602STDY6949178___TAGACCAGTTGATTCG	3591	1355	MNP1	MNP1	-
4602STDY6949179___CAAGATCGTGACTACT	11240	2922	MNP1	MNP1	-
4602STDY6930853___AGGGAGTCAGACGCTC	6263	1736	MNP1	MNP1	-
4602STDY6930853___GCTGGGTGTGTGAAAT	6400	1888	MNP1	MNP1	-
4602STDY6949178___TCTTTCCCAGCTGCTG	14844	3404	MNP1	MNP1	-
4602STDY6949192___CATCAGAGTACCTACA	11128	2578	MNP1	MNP1	-
4602STDY6949179___TGAGGGAGTTCAGTAC	5526	1744	MNP1	MNP1	-
4602STDY6930853___TGGTTAGGTCAACATC	6271	1899	MNP1	MNP1	-
4602STDY6976428___CTGCTGTCATGGTAGG	9682	2454	MNP1	MNP1	-
4602STDY6949185___TGTGTTTGTCGAAAGC	5662	1828	MNP1	MNP1	-
4602STDY6949181___CAGCATATCGACGGAA	6857	2108	MNP1	MNP1	-
4602STDY6930852___TGAGCATTCAGCATGT	3460	1391	MNP1	MNP1	-
4602STDY6949195___ACGGGTCCAGGAATCG	3649	1314	MNP1	MNP1	-
4602STDY6949181___TAGGCATCATACGCCG	3209	1257	MNP1	MNP1	-
4602STDY6930852___TTGGCAACACGTTGGC	7594	2053	MNP1	MNP1	-
4602STDY6976427___TTCTTAGGTAGGGACT	6979	1947	MNP1	MNP1	-
4602STDY6949192___CTCGGAGCATGGGAAC	8483	2454	MNP1	MNP1	-
4602STDY6949187___CTGCCTATCGACGGAA	9230	2535	MNP1	MNP1	-
4602STDY6930852___TAGCCGGAGACCCACC	4938	1615	MNP1	MNP1	-
4602STDY6949195___AAAGATGGTATATCCG	7462	2094	MNP1	MNP1	-
4602STDY6949189___TTCTCCTGTACAGTTC	3103	1056	MNP1	MNP1	-
4602STDY6949179___TTGACTTCAGATGGCA	11748	2818	MNP1	MNP1	-
4602STDY6930853___GGACATTAGACGCAAC	4436	1381	MNP1	MNP1	-
4602STDY6949179___AGAGCTTGTTCCTCCA	10954	2693	MNP1	MNP1	-
4602STDY6930852___GCGACCACACGTTGGC	3667	1186	MNP1	MNP1	-
4602STDY6930853___CTCTAATCAATGGAGC	3121	1048	MNP1	MNP1	-
4602STDY6949195___AACTCCCAGAACTCGG	4047	1320	MNP1	MNP1	-
4602STDY7018629___TTTCCTCTCTTGCAAG	8590	2401	MNP1	MNP1	-
4602STDY6930852___GTGTGCGTCAGCCTAA	9839	2331	MNP1	MNP1	-
4602STDY6930852___CACAAACAGTCACGCC	7393	1965	MNP1	MNP1	-
4602STDY6949195___GATGAGGGTAGGGACT	3759	1445	MNP1	MNP1	-
4602STDY6949192___GTCAAGTGTGTGGCTC	11145	2727	MNP1	MNP1	-
4602STDY6949192___CAGTCCTCACGAGAGT	1652	781	MNP1	MNP1	-
4602STDY6949195___TTGCCGTGTGTGGCTC	723	424	MNP1	MNP1	-
4602STDY6976428___TAGTTGGCATGCCTAA	4945	1596	MNP1	MNP1	-
4602STDY6949192___TATCTCATCATAGCAC	7690	2196	MNP1	MNP1	-
4602STDY6976426___CCATTCGGTTAGGGTG	6147	1718	MNP1	MNP1	-
4602STDY7018628___CCCATACAGGTCGGAT	9632	2511	MNP1	MNP1	-
4602STDY6949195___ACGGCCACATGATCCA	11657	2889	MNP1	MNP1	-
4602STDY6949195___TCAGCAACATGCATGT	3981	1546	MNP1	MNP1	-
4602STDY6976428___GAACATCCATTCGACA	10172	2510	MNP1	MNP1	-
4602STDY6976426___CGCTGGAGTAAAGTCA	3118	1220	MNP1	MNP1	-
4602STDY6930853___GCACATACAATAACGA	7083	1851	MNP1	MNP1	-
4602STDY6949192___GCTCCTATCTGGCGAC	13417	3216	MNP1	MNP1	-
4602STDY6949179___GTCCTCAAGATGTTAG	3668	1524	MNP1	MNP1	-
4602STDY6949180___TCGCGTTCAATAAGCA	5696	1940	MNP1	MNP1	-
4602STDY6949178___TCAGGATTCCACTCCA	6710	2044	MNP1	MNP1	-
4602STDY6930853___AAAGCAAAGGCGACAT	7526	2124	MNP1	MNP1	-
4602STDY6949192___GCTGCTTCATGGTCTA	4326	1529	MNP1	MNP1	-
4602STDY6949195___TAGTTGGAGTGAACAT	6815	1868	MNP1	MNP1	-
4602STDY6949195___TGCTACCTCAACGGCC	12052	3156	MNP1	MNP1	-
4602STDY6930853___ACACCAAGTAAGTAGT	4665	1581	MNP1	MNP1	-
4602STDY6949195___ACGGAGACATTACCTT	9912	2661	MNP1	MNP1	-
4602STDY6949195___CTGATCCGTGTATGGG	8749	2389	MNP1	MNP1	-
4602STDY6949192___AGATTGCCACGCATCG	7564	2175	MNP1	MNP1	-
4602STDY6930853___CCAATCCCAGTATGCT	15611	3174	MNP1	MNP1	-
4602STDY6949192___TCGCGTTGTACTTAGC	4427	1524	MNP1	MNP1	-
4602STDY6976426___TCAGGATCAGGATTGG	5489	1851	MNP1	MNP1	-
4602STDY6949189___ACGCCGAGTAGCTAAA	10763	2589	MNP1	MNP1	-
4602STDY6949180___AAACGGGTCAACGGGA	2066	909	MNP1	MNP1	-
4602STDY6949192___CCTAAAGCACAACTGT	8734	2393	MNP1	MNP1	-
4602STDY6795898___CATGCCTCAACGATGG	4203	1552	MNP1	MNP1	-
4602STDY6949195___ATTGGTGTCTCAACTT	1459	738	MNP1	MNP1	-
4602STDY6949186___ACTATCTGTATAATGG	5528	1760	MNP1	MNP1	-
4602STDY6949189___TACCTATAGATCCTGT	5703	1840	MNP1	MNP1	-
4602STDY6949192___ATTACTCGTCTAACGT	6801	2100	MNP1	MNP1	-
4602STDY6976428___TGTGGTATCAGAAATG	6594	1983	MNP1	MNP1	-
4602STDY6930852___CACCTTGCAAAGGCGT	6364	1771	MNP1	MNP1	-
4602STDY6976428___TGCGCAGTCTATGTGG	2729	1122	MNP1	MNP1	-
4602STDY6949179___ACACTGACAATACGCT	4823	1633	MNP1	MNP1	-
4602STDY6949187___CCACTACCATTTGCTT	1282	655	MNP1	MNP1	-
4602STDY6949184___GACAGAGAGCACCGTC	3470	1362	MNP1	MNP1	-
4602STDY6949180___AGAGCTTTCGAGCCCA	4290	1526	MNP1	MNP1	-
4602STDY6949192___AAAGTAGGTACTCGCG	3091	1214	MNP1	MNP1	-
4602STDY6930853___CTCAGAACAATACGCT	5826	1895	MNP1	MNP1	-
4602STDY6930857___ACTTGTTAGAGTCTGG	3356	1145	MNP1	MNP1	-
4602STDY6930853___ACGGCCAGTATCAGTC	10692	2668	MNP1	MNP1	-
4602STDY6949195___TCAATCTAGGGAGTAA	2317	1056	MNP1	MNP1	-
4602STDY6930853___ACTGAGTCATGTTCCC	4370	1378	MNP1	MNP1	-
4602STDY6949195___ACGGCCAAGGCTCATT	1777	871	MNP1	MNP1	-
4602STDY6976428___CAGCAGCAGTCTTGCA	3805	1383	MNP1	MNP1	-
4602STDY6949180___GTTAAGCGTGTGCGTC	4937	1569	MNP1	MNP1	-
4602STDY6949186___GGCGTGTAGATGCGAC	1976	749	MNP1	MNP1	-
4602STDY6949192___TGCACCTCAACACGCC	1500	725	MNP1	MNP1	-
4602STDY6949181___TCAATCTAGACCTAGG	3673	1422	MNP1	MNP1	-
4602STDY6930853___TATGCCCGTTCCCTTG	11488	2648	MNP1	MNP1	-
4602STDY6949180___TCACGAATCTTCAACT	6752	1891	MNP1	MNP1	-
4602STDY6949180___AGAATAGCAGCCTTGG	1720	830	MNP1	MNP1	-
4602STDY6976428___GTATCTTCAGCTGCTG	5752	1755	MNP1	MNP1	-
4602STDY6949195___TCAATCTAGCAATCTC	9071	2369	MNP1	MNP1	-
4602STDY6949179___CTGCTGTGTGTCCTCT	5198	1741	MNP1	MNP1	-
4602STDY6949187___CCAATCCGTTGGTAAA	4503	1512	MNP1	MNP1	-
4602STDY6949178___TTGGCAACAAGGTGTG	1381	740	MNP1	MNP1	-
4602STDY6949195___GTTCATTTCAGGCAAG	20694	3955	MNP1	MNP1	-
4602STDY6949187___ACAGCTAAGGGTCTCC	3079	1188	MNP1	MNP1	-
4602STDY6949192___AGACGTTAGACTTTCG	5932	1848	MNP1	MNP1	-
4602STDY6949195___CGTCAGGCATCGATTG	13589	3243	MNP1	MNP1	-
4602STDY6930852___CTCGTCATCGGAATCT	3056	1109	MNP1	MNP1	-
4602STDY6949181___AAAGCAATCAGCCTAA	3321	1252	MNP1	MNP1	-
4602STDY6976426___TTGTAGGCACATTCGA	5521	1802	MNP1	MNP1	-
4602STDY6930853___ATCATGGTCTGCTGTC	9743	2331	MNP1	MNP1	-
4602STDY6949195___TCACGAAGTGTTCTTT	6406	2067	MNP1	MNP1	-
4602STDY6949192___AGCAGCCCACTTAACG	11714	2939	MNP1	MNP1	-
4602STDY6930856___AGGGATGTCAAAGTAG	7249	2196	MNP1	MNP1	-
4602STDY6949195___ACCAGTATCAACACAC	2878	1188	MNP1	MNP1	-
4602STDY6949178___CTCGAGGCAAGCGCTC	11526	3005	MNP1	MNP1	-
4602STDY6949195___AGATTGCCACATGACT	3152	1153	MNP1	MNP1	-
4602STDY6930852___ACATCAGAGCCACGCT	5841	1758	MNP1	MNP1	-
4602STDY6930853___CTACGTCTCCGTAGTA	7694	1914	MNP1	MNP1	-
4602STDY6930852___GTTAAGCCACCACCAG	5397	1628	MNP1	MNP1	-
4602STDY6949178___TTCGGTCCACTGTGTA	4992	1811	MNP1	MNP1	-
4602STDY6949181___ATGAGGGCAACTTGAC	14341	3128	MNP1	MNP1	-
4602STDY7018923___CTCAGAACATTGGCGC	9456	2534	MNP1	MNP1	-
4602STDY6930853___CTCGTCATCGGCGCTA	4573	1573	MNP1	MNP1	-
4602STDY6949181___TGGGCGTAGCGTGAAC	5231	1946	MNP1	MNP1	-
4602STDY6930857___TCATTACAGAGATGAG	9794	2421	MNP1	MNP1	-
4602STDY6949195___TGAGCATAGCGGATCA	2791	1146	MNP1	MNP1	-
4602STDY6949195___GGAACTTGTAAGAGGA	4214	1337	MNP1	MNP1	-
4602STDY6949192___GCGCAACGTAAGTAGT	3830	1456	MNP1	MNP1	-
4602STDY6930853___ACTGAACTCACCACCT	5909	1767	MNP1	MNP1	-
4602STDY7090428___TGGCTGGGTGCAACGA	4938	1734	MNP1	MNP1	-
4602STDY6976427___CTAATGGGTGTGGCTC	3003	1177	MNP1	MNP1	-
4602STDY6949181___TACGGGCCAGATAATG	10781	2710	MNP1	MNP1	-
4602STDY6976427___TGATTTCAGACTAAGT	2567	1141	MNP1	MNP1	-
4602STDY6949192___TGCTACCCATCAGTCA	19469	4124	MNP1	MNP1	-
4602STDY6930852___TATTACCGTAACGTTC	7210	2034	MNP1	MNP1	-
4602STDY6949192___AGAGCTTCAATGAAAC	8304	2120	MNP1	MNP1	-
4602STDY6930853___CTCGAGGAGAGCTATA	3895	1311	MNP1	MNP1	-
4602STDY6930852___ACTGAACTCCTTAATC	2117	816	MNP1	MNP1	-
4602STDY6949192___TAGAGCTAGGCACATG	12903	3107	MNP1	MNP1	-
4602STDY6976427___CCTCTGATCACCGGGT	9327	2522	MNP1	MNP1	-
4602STDY6949195___TGAGCCGAGAGTCTGG	7036	2046	MNP1	MNP1	-
4602STDY6976428___AGCCTAAAGTACACCT	3170	1310	MNP1	MNP1	-
4602STDY6949195___CCAGCGACACATGACT	1926	835	MNP1	MNP1	-
4602STDY6949187___AATCCAGTCTACTATC	7757	2073	MNP1	MNP1	-
4602STDY6949192___AGTGGGAGTGACAAAT	8535	2257	MNP1	MNP1	-
4602STDY6976427___TACCTATTCCTAGGGC	8601	2251	MNP1	MNP1	-
4602STDY6930853___TCATTTGAGAATAGGG	5874	1757	MNP1	MNP1	-
4602STDY6949192___TACGGTAAGAGTACAT	6829	2047	MNP1	MNP1	-
4602STDY6949195___GCTGCTTGTTCCGTCT	1343	681	MNP1	MNP1	-
4602STDY6949195___CAGGTGCGTCGAAAGC	10857	2916	MNP1	MNP1	-
4602STDY6949192___CCATGTCCAAGCCCAC	7396	2214	MNP1	MNP1	-
4602STDY6949195___TGAGCCGAGCCACCTG	2493	1002	MNP1	MNP1	-
4602STDY6949195___GCTTCCATCTGCTGTC	8135	2289	MNP1	MNP1	-
4602STDY6949195___CATCGGGAGTACGCGA	7611	2148	MNP1	MNP1	-
4602STDY6949195___CACAGTATCGGTCCGA	3568	1327	MNP1	MNP1	-
4602STDY6949195___TGGCCAGCAGTCTTCC	12923	3511	MNP1	MNP1	-
4602STDY6949179___GTAGTCACATCGTCGG	10693	2695	MNP1	MNP1	-
4602STDY6949195___AGAGCTTGTAATCGTC	1354	686	MNP1	MNP1	-
4602STDY6930852___CGAGCACGTTCAGCGC	7908	2263	MNP1	MNP1	-
4602STDY7090428___GAACGGACACGGTGTC	1674	932	MNP1	MNP1	-
4602STDY6930852___ATCGAGTAGAATGTGT	7626	1992	MNP1	MNP1	-
4602STDY6949192___CGTTAGAAGCATGGCA	3900	1261	MNP1	MNP1	-
4602STDY6949178___ATGCGATGTCTCCACT	4749	1728	MNP1	MNP1	-
4602STDY6949192___GATGAGGAGCTAACTC	10929	2800	MNP1	MNP1	-
4602STDY6930853___CGAATGTTCTGACCTC	10187	2391	MNP1	MNP1	-
4602STDY7090428___CATATGGGTCATACTG	17244	3808	MNP1	MNP1	-
4602STDY6930852___CTCAGAAGTGTCAATC	1230	616	MNP1	MNP1	-
4602STDY6930853___TTTATGCAGACAGGCT	4365	1519	MNP1	MNP1	-
4602STDY6949186___CTACCCATCGCGATCG	3893	1563	MNP1	MNP1	-
4602STDY6949179___GAGGTGAGTTGGAGGT	3199	1370	MNP1	MNP1	-
4602STDY6930856___ACGATGTAGGCCATAG	1378	645	MNP1	MNP1	-
4602STDY6949192___GCTCTGTCATGCCCGA	7152	2058	MNP1	MNP1	-
4602STDY6930856___GAACCTATCATTTGGG	5140	1690	MNP1	MNP1	-
4602STDY6949179___CCCTCCTGTCGAACAG	2679	1096	MNP1	MNP1	-
4602STDY6949192___AGTGAGGGTGGGTATG	4672	1497	MNP1	MNP1	-
4602STDY6949180___GGACGTCAGCAATCTC	7083	2182	MNP1	MNP1	-
4602STDY6949195___CGTTAGAGTGATGCCC	1079	542	MNP1	MNP1	-
4602STDY6930852___GCTGCGACAACCGCCA	6678	2087	MNP1	MNP1	-
4602STDY6949195___CATTATCGTATCACCA	3058	1225	MNP1	MNP1	-
4602STDY6930856___AGCATACCATCGGTTA	8295	2393	MNP1	MNP1	-
4602STDY6949181___TGGTTCCAGCCACGTC	8562	2456	MNP1	MNP1	-
4602STDY6949195___ACCCACTCAATAAGCA	2567	1068	MNP1	MNP1	-
4602STDY6949178___GATGAGGGTAGCACGA	9749	2459	MNP1	MNP1	-
4602STDY6949186___CTTCTCTCAGCCTATA	4481	1565	MNP1	MNP1	-
4602STDY6949195___GTTACAGAGTTGCAGG	7405	2200	MNP1	MNP1	-
4602STDY7018923___GGCTGGTGTTCTGGTA	6857	2080	MNP1	MNP1	-
4602STDY7018924___GGCTCGATCTGAGGGA	4051	1588	MNP1	MNP1	-
4602STDY6949195___TATCTCACATGACGGA	5067	1796	MNP1	MNP1	-
4602STDY6949178___CTTACCGTCAGGTAAA	5909	1895	MNP1	MNP1	-
4602STDY6949178___CTGATCCGTGCCTGCA	2437	1154	MNP1	MNP1	-
4602STDY6949192___CGTAGCGCACGGATAG	2441	1016	MNP1	MNP1	-
4602STDY6949195___CGATCGGCACAGCGTC	1750	717	MNP1	MNP1	-
4602STDY6949180___TGTTCCGTCTGATACG	12401	3276	MNP1	MNP1	-
4602STDY6949195___ACTGAACAGATGTTAG	5342	1793	MNP1	MNP1	-
4602STDY6949180___GTGTGCGCAACACCTA	5556	1836	MNP1	MNP1	-
4602STDY6930852___CCTTCGATCAACACGT	711	431	MNP1	MNP1	-
4602STDY6949179___GACCTGGGTCAAGCGA	9295	2315	MNP1	MNP1	-
4602STDY7018923___GGGTTGCAGGGAAACA	5384	1747	MNP1	MNP1	-
4602STDY6930853___TCGGGACCAATGGAGC	8664	2294	MNP1	MNP1	-
4602STDY6930853___TGCCCATTCTTAGCCC	7310	2319	MNP1	MNP1	-
4602STDY6976426___ATCCGAAAGTCTCCTC	6779	1960	MNP1	MNP1	-
4602STDY6949187___AGTGAGGTCTAACCGA	6859	1906	MNP1	MNP1	-
4602STDY7018924___AGGTCATCATTGGGCC	3526	1509	MNP1	MNP1	-
4602STDY7090428___ACTTGTTTCCAAACTG	11142	2890	MNP1	MNP1	-
4602STDY7090428___TAAGTGCTCCCAAGAT	12870	3084	MNP1	MNP1	-
4602STDY6976428___TGGTTAGTCTCAAACG	9137	2225	MNP1	MNP1	-
4602STDY6949192___GAGCAGATCCTTGCCA	8681	2429	MNP1	MNP1	-
4602STDY6930853___CTCATTACAGCGTAAG	6642	2012	MNP1	MNP1	-
4602STDY6930853___TACGGTAGTAGCGTCC	1089	557	MNP1	MNP1	-
4602STDY7090428___GATGAAAGTGGACGAT	6581	2078	MNP1	MNP1	-
4602STDY6949185___CTCGTACTCACTTATC	4829	1702	MNP1	MNP1	-
4602STDY6930853___CAGCATAGTAGGAGTC	8335	2124	MNP1	MNP1	-
4602STDY6976426___TCTATTGGTCCGACGT	2720	1150	MNP1	MNP1	-
4602STDY6949178___GACAGAGGTTGGACCC	5404	1774	MNP1	MNP1	-
4602STDY6930852___ACTATCTGTCCGTGAC	10698	2398	MNP1	MNP1	-
4602STDY6930853___AGCAGCCGTTTGACTG	5172	1479	MNP1	MNP1	-
4602STDY6930853___CTAGTGATCGTCCGTT	1451	704	MNP1	MNP1	-
4602STDY6949195___GTTCGGGTCATGTGGT	9861	2514	MNP1	MNP1	-
4602STDY6949192___GACGTGCTCACGATGT	2169	902	MNP1	MNP1	-
4602STDY6930853___AGGCCGTCATCTACGA	1513	731	MNP1	MNP1	-
4602STDY6949192___AGGGATGTCAGGATCT	11416	2816	MNP1	MNP1	-
4602STDY7090428___CATCAAGTCAGTTGAC	4556	1672	MNP1	MNP1	-
4602STDY6949192___CTCGAAACAAAGGAAG	9451	2555	MNP1	MNP1	-
4602STDY7090428___CCGTGGAAGGATTCGG	8251	2377	MNP1	MNP1	-
4602STDY6976426___GTTCATTCAATAGCAA	8429	2404	MNP1	MNP1	-
4602STDY6930852___CGCTTCACAGCCAATT	7242	1971	MNP1	MNP1	-
4602STDY6949185___AGGGAGTAGAAAGTGG	4072	1483	MNP1	MNP1	-
4602STDY6930853___AACTGGTCATGGATGG	6400	1864	MNP1	MNP1	-
4602STDY6976428___AGCGGTCCAAGCTGAG	7223	2101	MNP1	MNP1	-
4602STDY6949192___ATCTACTTCAATCACG	5099	1621	MNP1	MNP1	-
4602STDY6949195___CTCGGGAAGCAGCGTA	4660	1599	MNP1	MNP1	-
4602STDY6949179___GGACGTCTCTATCCCG	16697	3520	MNP1	MNP1	-
4602STDY7090428___CGACCTTTCGTTGACA	20384	4327	MNP1	MNP1	-
4602STDY6930853___CAGCGACCACAACTGT	4160	1434	MNP1	MNP1	-
4602STDY6930852___CTCTAATGTGTAATGA	11973	2823	MNP1	MNP1	-
4602STDY7090428___TTCTCAAGTCCAGTAT	2643	1148	MNP1	MNP1	-
4602STDY6930852___CTTAACTCACCACGTG	9064	2643	MNP1	MNP1	-
4602STDY6976426___CTCGGGAAGGTCGGAT	2542	1106	MNP1	MNP1	-
4602STDY6949181___GGAATAAAGTAAGTAC	3845	1367	MNP1	MNP1	-
4602STDY6976427___TCAACGAGTTTAGCTG	9577	2671	MNP1	MNP1	-
4602STDY6976426___GAGCAGAGTCCTCCAT	12705	2841	MNP1	MNP1	-
4602STDY6930852___TCAGGATTCGTAGGAG	3185	1206	MNP1	MNP1	-
4602STDY6930852___AGGGTGAAGGGCACTA	10212	2497	MNP1	MNP1	-
4602STDY6949195___ACTGAGTGTAAATACG	6358	2001	MNP1	MNP1	-
4602STDY7090428___TTGCCGTCAGCTGTTA	12721	3293	MNP1	MNP1	-
4602STDY6949185___CTTCTCTTCGGTTAAC	5331	1560	MNP1	MNP1	-
4602STDY7090428___GAGTCCGAGCGATATA	1787	797	MNP1	MNP1	-
4602STDY6930852___CATATTCCATACTACG	8607	2264	MNP1	MNP1	-
4602STDY6930856___GAGCAGAAGATACACA	7587	2224	MNP1	MNP1	-
4602STDY6949180___GAATGAAGTCTCATCC	6670	2038	MNP1	MNP1	-
4602STDY6949184___AAGGTTCAGTTGTAGA	10672	2507	MNP1	MNP1	-
4602STDY6930853___TCTTCGGCAATGGTCT	6050	1694	MNP1	MNP1	-
4602STDY6949195___TGTGGTACAATGAATG	12334	2964	MNP1	MNP1	-
4602STDY6949184___CTAGCCTGTAAGGGCT	7911	2131	MNP1	MNP1	-
4602STDY6949181___GTCCTCAAGTTACGGG	2555	1088	MNP1	MNP1	-
4602STDY6949195___CTCGGAGCATGGAATA	5382	1685	MNP1	MNP1	-
4602STDY6930852___AATCCAGTCATAACCG	9696	2439	MNP1	MNP1	-
4602STDY6949195___CATCGAATCAAAGACA	1563	712	MNP1	MNP1	-
4602STDY7018923___ATTGGACGTTGGAGGT	7426	2060	MNP1	MNP1	-
4602STDY6930852___GACAGAGAGTCCCACG	10179	2458	MNP1	MNP1	-
4602STDY6949192___ATCATCTGTAAATGTG	12057	2916	MNP1	MNP1	-
4602STDY6949192___GCAAACTAGTGGTAGC	12905	3141	MNP1	MNP1	-
4602STDY6930853___TCTTCGGCAATAAGCA	2119	949	MNP1	MNP1	-
4602STDY6949192___CGTTCTGTCTACGAGT	11513	2869	MNP1	MNP1	-
4602STDY6949192___TCTATTGGTTCCATGA	1130	603	MNP1	MNP1	-
4602STDY6930852___CGAGCCAAGGCATGTG	4773	1572	MNP1	MNP1	-
4602STDY7090428___TTGCCGTCACACAGAG	3958	1663	MNP1	MNP1	-
4602STDY6930852___AGCTCTCAGCTGTTCA	3809	1245	MNP1	MNP1	-
4602STDY6949195___CATATGGAGTCACGCC	6767	1960	MNP1	MNP1	-
4602STDY6949192___ATCTGCCGTGATGTCT	4752	1529	MNP1	MNP1	-
4602STDY6930853___CAGTCCTAGGCTCTTA	303	203	M	Nephron_others	Mesangial_cells
4602STDY6949195___CCCTCCTAGTGTTAGA	2458	1074	M	Nephron_others	Mesangial_cells
4602STDY6930852___TTAGTTCGTCGCGAAA	5672	2237	M	Nephron_others	Mesangial_cells
4602STDY6976427___ACACTGAGTTCTGAAC	5168	1927	M	Nephron_others	Mesangial_cells
4602STDY6930852___GAGCAGAGTGAAATCA	9652	3453	M	Nephron_others	Mesangial_cells
4602STDY6930856___CAAGGCCTCCGCGTTT	8501	2543	M	Nephron_others	Mesangial_cells
4602STDY6930856___GATCTAGTCAAACAAG	476	332	M	Nephron_others	Mesangial_cells
4602STDY6930856___CAAGGCCTCCTTGCCA	326	238	M	Nephron_others	Mesangial_cells
4602STDY6930852___GCTGCTTGTTTGACTG	3931	1703	M	Nephron_others	Mesangial_cells
4602STDY6949180___CCTTTCTCAACTGGCC	7855	3235	M	Nephron_others	Mesangial_cells
4602STDY6930857___GGATGTTCATGTAGTC	7354	1994	M	Nephron_others	Mesangial_cells
4602STDY6930856___GAGTCCGAGCACACAG	1146	698	M	Nephron_others	Mesangial_cells
4602STDY6930853___CGAGCACAGATGTCGG	3802	1379	M	Nephron_others	Mesangial_cells
4602STDY6930852___GCAAACTCATCGGGTC	6782	2259	M	Nephron_others	Mesangial_cells
4602STDY6930856___CGTCAGGTCTGTTGAG	512	305	M	Nephron_others	Mesangial_cells
4602STDY6930852___TGGTTCCGTGTCAATC	11851	3686	M	Nephron_others	Mesangial_cells
4602STDY6930852___GCTGCGAAGAGCCCAA	453	307	M	Nephron_others	Mesangial_cells
4602STDY6949192___GGATTACGTCTCCACT	4418	1990	M	Nephron_others	Mesangial_cells
4602STDY6949181___TCTATTGCAATGGAAT	486	314	M	Nephron_others	Mesangial_cells
4602STDY6930852___AGATTGCAGAAGGCCT	5388	2172	M	Nephron_others	Mesangial_cells
4602STDY6930853___CTGATAGGTCCATGAT	4887	2001	M	Nephron_others	Mesangial_cells
4602STDY6949195___GATCGTAGTAGGAGTC	614	421	M	Nephron_others	Mesangial_cells
4602STDY6949178___TGCTACCGTGCCTGGT	9634	3674	M	Nephron_others	Mesangial_cells
4602STDY6930852___ACCAGTACACGTCAGC	7592	2488	M	Nephron_others	Mesangial_cells
4602STDY6930856___ACGAGGATCTAACCGA	8418	2961	M	Nephron_others	Mesangial_cells
4602STDY6930852___AACTGGTGTGAAAGAG	6599	2644	M	Nephron_others	Mesangial_cells
4602STDY6930856___GAGTCCGGTATAGGGC	5919	2532	M	Nephron_others	Mesangial_cells
4602STDY6930852___CGTCTACCATCATCCC	2362	1048	M	Nephron_others	Mesangial_cells
4602STDY6930856___CCACTACGTCCGAAGA	849	556	M	Nephron_others	Mesangial_cells
4602STDY6930856___ACCCACTCAACACGCC	1856	1040	M	Nephron_others	Mesangial_cells
4602STDY6930856___ATTGGTGAGCCATCGC	12308	3697	M	Nephron_others	Mesangial_cells
4602STDY6930856___AGGGTGAAGTCTCCTC	2038	1158	M	Nephron_others	Mesangial_cells
4602STDY6930856___TCTCTAATCCGTCAAA	341	236	M	Nephron_others	Mesangial_cells
4602STDY6930852___TATCTCATCGAGGTAG	2542	1156	M	Nephron_others	Mesangial_cells
4602STDY7018924___GCATGTAAGTATGACA	17500	4167	M	Nephron_others	Mesangial_cells
4602STDY6930853___ATCACGATCATGGTCA	8628	2840	M	Nephron_others	Mesangial_cells
4602STDY6930856___GGAATAACAGTCACTA	1067	753	M	Nephron_others	Mesangial_cells
4602STDY6930856___ATTACTCCAGGACCCT	3434	1515	M	Nephron_others	Mesangial_cells
4602STDY6930857___CATGCCTCATCGGGTC	409	295	M	Nephron_others	Mesangial_cells
4602STDY6930856___GGAATAACAAAGTCAA	4402	1962	M	Nephron_others	Mesangial_cells
4602STDY6930852___TACCTTAAGCCCTAAT	5189	1881	M	Nephron_others	Mesangial_cells
4602STDY6930857___CCGTTCAAGATGTAAC	2913	1545	M	Nephron_others	Mesangial_cells
4602STDY6930852___GGGTCTGTCCTACAGA	2294	1251	M	Nephron_others	Mesangial_cells
4602STDY6930856___GTAGGCCTCCGCGTTT	402	282	M	Nephron_others	Mesangial_cells
4602STDY7018924___TCTGGAATCACGCATA	3318	1795	M	Nephron_others	Mesangial_cells
4602STDY7018924___AGGTCATCAGATCTGT	3598	1910	M	Nephron_others	Mesangial_cells
4602STDY6930853___CTAACTTTCGTAGGAG	3606	1616	M	Nephron_others	Mesangial_cells
4602STDY6949178___AAACCTGGTATTCTCT	1246	918	M	Nephron_others	Mesangial_cells
4602STDY6949187___AACTGGTTCGCGTAGC	527	284	M	Nephron_others	Mesangial_cells
4602STDY6930857___ACGGCCACATATGAGA	297	205	M	Nephron_others	Mesangial_cells
4602STDY6930856___ATGGGAGCACCCTATC	2232	1304	M	Nephron_others	Mesangial_cells
4602STDY6930856___AACCATGTCGAATCCA	1388	915	M	Nephron_others	Mesangial_cells
4602STDY6930856___AGTCTTTTCGTGTAGT	2678	1245	M	Nephron_others	Mesangial_cells
4602STDY6930856___GCTCTGTCAAGGGTCA	629	464	M	Nephron_others	Mesangial_cells
4602STDY6930852___TGAGCCGGTTCTGTTT	1141	665	M	Nephron_others	Mesangial_cells
4602STDY6930856___CCATGTCAGTAGATGT	3799	1750	M	Nephron_others	Mesangial_cells
4602STDY6930852___TCACAAGAGATCTGAA	1951	896	M	Nephron_others	Mesangial_cells
4602STDY6930856___CCCTCCTAGTAGCGGT	3099	1501	M	Nephron_others	Mesangial_cells
4602STDY6930853___AACTCTTCAGGAATCG	15112	4301	M	Nephron_others	Mesangial_cells
4602STDY6930857___AGAGCTTTCTGATTCT	1433	687	M	Nephron_others	Mesangial_cells
4602STDY6930853___ACACCAAAGGCACATG	423	266	M	Nephron_others	Mesangial_cells
4602STDY6930853___CAGCGACGTCACAAGG	4729	1645	M	Nephron_others	Mesangial_cells
4602STDY6930856___TACACGAGTTCCTCCA	351	289	M	Nephron_others	Mesangial_cells
4602STDY6930853___ACTATCTTCCAAGCCG	5275	2097	M	Nephron_others	Mesangial_cells
4602STDY6930853___CATCGGGAGCCTATGT	7061	2406	M	Nephron_others	Mesangial_cells
4602STDY6930852___CATATGGGTTCTGTTT	2356	1098	M	Nephron_others	Mesangial_cells
4602STDY6930856___CCCAATCCACTGAAGG	2808	1608	M	Nephron_others	Mesangial_cells
4602STDY6930852___CGGACACCATCTCGCT	2652	1060	M	Nephron_others	Mesangial_cells
4602STDY6930853___CCGTGGAGTGCACGAA	4488	1594	M	Nephron_others	Mesangial_cells
4602STDY6949179___AGGTCCGCAGTCAGAG	2289	1331	M	Nephron_others	Mesangial_cells
4602STDY6930852___CAAGGCCAGTGAATTG	4677	1987	M	Nephron_others	Mesangial_cells
4602STDY6930857___GTGCATATCCCTTGCA	649	434	M	Nephron_others	Mesangial_cells
4602STDY6949179___GTACGTACAACGATCT	300	231	M	Nephron_others	Mesangial_cells
4602STDY6930852___CGTAGCGGTACTCAAC	924	539	M	Nephron_others	Mesangial_cells
4602STDY6930852___GCGAGAATCGAATCCA	2576	1271	M	Nephron_others	Mesangial_cells
4602STDY7018924___CACACCTTCCGCTGTT	1255	802	M	Nephron_others	Mesangial_cells
4602STDY6930853___TGACTAGTCAATCACG	17112	4560	M	Nephron_others	Mesangial_cells
4602STDY6930852___CCGTGGAAGCTGCCCA	2483	1013	M	Nephron_others	Mesangial_cells
4602STDY6930852___CCCTCCTAGTCAAGGC	1810	878	M	Nephron_others	Mesangial_cells
4602STDY6930856___TTTGGTTCAGGAATCG	3781	1815	M	Nephron_others	Mesangial_cells
4602STDY6930857___CATCGGGTCAGAGGTG	940	409	M	Nephron_others	Mesangial_cells
4602STDY6930853___CTTGGCTGTCTAGAGG	7977	2438	M	Nephron_others	Mesangial_cells
4602STDY6930852___GGGATGAAGATGTCGG	728	312	M	Nephron_others	Mesangial_cells
4602STDY6930856___GAACGGAAGTGCGATG	8414	2595	M	Nephron_others	Mesangial_cells
4602STDY6930856___GTCCTCACACGGTAGA	411	281	M	Nephron_others	Mesangial_cells
4602STDY6930856___GGTGCGTCAATTCCTT	578	384	M	Nephron_others	Mesangial_cells
4602STDY6930853___CCTCTGATCTTGCCGT	5123	2012	M	Nephron_others	Mesangial_cells
4602STDY6930857___CGTCCATAGCATCATC	307	238	M	Nephron_others	Mesangial_cells
4602STDY6930856___AGGGATGAGCGTTTAC	1889	1020	M	Nephron_others	Mesangial_cells
4602STDY6930852___GGAAAGCTCTGGCGTG	384	231	M	Nephron_others	Mesangial_cells
4602STDY6949178___GAAATGAAGTCAATAG	6808	3001	M	Nephron_others	Mesangial_cells
4602STDY6949179___GGGTCTGCAGGCAGTA	1181	780	M	Nephron_others	Mesangial_cells
4602STDY6930853___GTGTTAGGTAAACCTC	4678	1649	M	Nephron_others	Mesangial_cells
4602STDY6949179___GAACGGAAGTCCAGGA	1604	965	M	Nephron_others	Mesangial_cells
4602STDY6930852___GCAATCACACACCGAC	1994	1085	M	Nephron_others	Mesangial_cells
4602STDY6930853___TGGGCGTGTCTCTCTG	1433	772	M	Nephron_others	Mesangial_cells
4602STDY6930856___AATCCAGGTGATGTGG	1960	1201	M	Nephron_others	Mesangial_cells
4602STDY6930856___CCTTTCTTCGATGAGG	1592	955	M	Nephron_others	Mesangial_cells
4602STDY6930852___GTACTCCAGGCAATTA	4495	2019	M	Nephron_others	Mesangial_cells
4602STDY6930856___GATTCAGAGACTGGGT	4285	1797	M	Nephron_others	Mesangial_cells
4602STDY6930852___AAGCCGCAGCGGATCA	8209	2633	M	Nephron_others	Mesangial_cells
4602STDY6930856___AAATGCCCATTGGGCC	484	324	M	Nephron_others	Mesangial_cells
4602STDY6930853___ACTGAACCAATGTAAG	3410	1755	M	Nephron_others	Mesangial_cells
4602STDY7018924___TTAGGACCATCACGTA	3620	1758	M	Nephron_others	Mesangial_cells
4602STDY6930856___TACCTTATCTTGCCGT	4916	2239	M	Nephron_others	Mesangial_cells
4602STDY6930853___AACTTTCTCGATAGAA	8719	2929	M	Nephron_others	Mesangial_cells
4602STDY6930857___TCTTCGGCAGCTTAAC	6026	1944	M	Nephron_others	Mesangial_cells
4602STDY6949178___CACACCTGTAAGTGTA	445	294	M	Nephron_others	Mesangial_cells
4602STDY6930852___CCACTACCATACGCCG	10774	3154	M	Nephron_others	Mesangial_cells
4602STDY6949195___TGAGCCGCAGCCAATT	17105	4911	M	Nephron_others	Mesangial_cells
4602STDY6930856___TACTCGCTCACAATGC	6977	2506	M	Nephron_others	Mesangial_cells
4602STDY6930852___CTCGAAAGTAAGGGCT	9201	3269	M	Nephron_others	Mesangial_cells
4602STDY6930852___ATTACTCGTCTAGTGT	1726	845	M	Nephron_others	Mesangial_cells
4602STDY6949179___CTACCCATCCGAGCCA	3936	1974	M	Nephron_others	Mesangial_cells
4602STDY6930852___CAGCTAAGTAGAAAGG	1315	763	M	Nephron_others	Mesangial_cells
4602STDY6930852___CCGGTAGAGCGAGAAA	2015	1151	M	Nephron_others	Mesangial_cells
4602STDY7018629___GTAGTCAGTTAAGAAC	588	368	M	Nephron_others	Mesangial_cells
4602STDY6930853___ATGCGATAGTTTCCTT	3136	1312	M	Nephron_others	Mesangial_cells
